onset,midi_number,morphetic_number,duration,staff_number,measure,type
-1.0,48,53,0.75,0,0,a
-0.25,52,55,0.25,0,0,a
0.0,29,42,1.5,1,1,
0.0,41,49,1.0,1,1,
0.0,45,51,1.0,0,1,
0.0,53,56,2.0,0,1,a
1.0,46,52,0.5,0,1,
2.0,60,60,0.75,0,1,a
2.75,64,62,0.25,0,1,a
3.0,45,51,1.0,1,2,
3.0,53,56,1.5,1,2,
3.0,60,60,1.0,0,2,
3.0,65,63,2.0,0,2,a
4.0,46,52,0.5,1,2,
4.0,62,61,0.5,0,2,
5.0,72,67,0.75,0,2,a
5.75,77,70,0.25,0,2,a
6.0,60,60,2.0,1,3,
6.0,65,63,0.75,1,3,
6.0,81,72,1.75,0,3,a
6.75,69,65,0.25,1,3,
7.0,72,67,0.75,1,3,
7.75,69,65,0.25,1,3,
7.75,77,70,0.25,0,3,a
8.0,60,60,1.0,1,3,
8.0,70,66,0.75,1,3,
8.0,79,71,0.75,0,3,a
8.75,67,64,0.25,1,3,
8.75,76,69,0.25,0,3,a
9.0,65,63,1.0,1,4,
9.0,69,65,1.0,1,4,
9.0,77,70,1.0,0,4,a
11.0,48,53,0.75,0,4,a
11.75,52,55,0.25,0,4,a
12.0,29,42,1.5,1,5,
12.0,41,49,1.0,1,5,
12.0,45,51,1.0,0,5,
12.0,53,56,2.0,0,5,a
13.0,46,52,0.5,0,5,
14.0,60,60,0.75,0,5,a
14.75,64,62,0.25,0,5,a
15.0,45,51,1.0,1,6,
15.0,53,56,1.5,1,6,
15.0,60,60,1.0,0,6,
15.0,65,63,2.0,0,6,a
16.0,46,52,0.5,1,6,
16.0,62,61,0.5,0,6,
17.0,72,67,0.75,0,6,a
17.75,77,70,0.25,0,6,a
18.0,60,60,2.0,1,7,
18.0,65,63,0.75,1,7,
18.0,81,72,1.75,0,7,a
18.75,69,65,0.25,1,7,
19.0,72,67,0.75,1,7,
19.75,69,65,0.25,1,7,
19.75,77,70,0.25,0,7,a
20.0,60,60,1.0,1,7,
20.0,70,66,0.75,1,7,
20.0,79,71,0.75,0,7,a
20.75,67,64,0.25,1,7,
20.75,76,69,0.25,0,7,a
21.0,65,63,1.0,1,8,
21.0,69,65,1.0,1,8,
21.0,77,70,1.0,0,8,a
23.0,53,56,0.75,0,8,a
23.75,57,58,0.25,0,8,a
24.0,41,49,1.0,1,9,
24.0,41,49,3.0,1,9,
24.0,61,60,1.0,0,9,a
25.0,46,52,1.0,1,9,
25.0,62,61,1.75,0,9,a
26.0,43,50,1.0,1,9,
26.0,52,55,1.0,1,9,
26.75,59,59,0.25,0,9,a
27.0,41,49,1.5,1,10,
27.0,45,51,1.5,1,10,
27.0,60,60,0.75,0,10,a
27.75,57,58,0.25,0,10,a
28.0,45,51,0.5,1,10,
28.0,48,53,0.5,1,10,
28.0,53,56,0.5,0,10,a
29.0,65,63,0.75,0,10,a
29.75,69,65,0.25,0,10,a
30.0,53,56,1.0,1,11,
30.0,53,56,3.0,1,11,
30.0,73,67,1.0,0,11,a
31.0,58,59,1.0,1,11,
31.0,74,68,1.75,0,11,a
32.0,55,57,1.0,1,11,
32.0,64,62,1.0,1,11,
32.75,71,66,0.25,0,11,a
33.0,53,56,1.5,1,12,
33.0,57,58,1.0,1,12,
33.0,72,67,0.75,0,12,a
33.75,69,65,0.25,0,12,a
34.0,57,58,0.5,1,12,
34.0,60,60,0.5,1,12,
34.0,65,63,0.5,0,12,a
35.0,77,70,0.75,0,12,a
35.75,81,72,0.25,0,12,a
36.0,85,74,1.0,0,13,a
37.0,65,63,1.0,1,13,
37.0,70,66,1.75,1,13,
37.0,74,68,1.75,0,13,
37.0,86,75,1.0,0,13,a
38.0,67,64,0.75,1,13,
38.0,70,66,0.75,1,13,
38.0,74,68,0.75,0,13,
38.0,86,75,0.75,0,13,
38.75,65,63,0.25,1,13,
38.75,67,64,0.25,1,13,
38.75,74,68,0.25,0,13,
38.75,83,73,0.25,0,13,a
39.0,64,62,0.75,1,14,
39.0,67,64,0.75,1,14,
39.0,72,67,0.75,0,14,
39.0,84,74,0.75,0,14,a
39.75,65,63,0.25,1,14,
39.75,69,65,0.25,1,14,
39.75,72,67,0.25,0,14,
39.75,81,72,0.25,0,14,a
40.0,62,61,1.0,1,14,
40.0,65,63,1.0,1,14,
40.0,70,66,1.75,0,14,
40.0,82,73,1.0,0,14,a
41.0,64,62,0.75,1,14,
41.0,67,64,0.75,1,14,
41.75,62,61,0.25,1,14,
41.75,65,63,0.25,1,14,
41.75,70,66,0.25,0,14,
41.75,79,71,0.25,0,14,a
42.0,61,60,0.75,1,15,
42.0,64,62,0.75,1,15,
42.0,69,65,0.75,0,15,
42.0,81,72,0.75,0,15,a
42.75,62,61,0.25,1,15,
42.75,65,63,0.25,1,15,
42.75,69,65,0.25,0,15,
42.75,77,70,0.25,0,15,a
43.0,58,59,2.0,1,15,
43.0,62,61,1.75,1,15,
43.0,67,64,1.0,0,15,
43.0,79,71,1.75,0,15,a
44.0,62,61,0.75,1,15,
44.0,70,66,1.0,0,15,
44.0,79,71,0.75,0,15,
44.75,67,64,0.25,1,15,
44.75,74,68,0.25,0,15,a
45.0,60,60,1.0,1,16,
45.0,67,64,0.75,1,16,
45.0,70,66,1.0,0,16,
45.0,76,69,0.75,0,16,a
45.75,64,62,0.25,1,16,
45.75,79,71,0.25,0,16,a
46.0,53,56,0.5,1,16,
46.0,65,63,0.5,1,16,
46.0,69,65,0.5,0,16,
46.0,77,70,0.5,0,16,a
47.0,53,56,0.75,0,16,a
47.75,57,58,0.25,0,16,a
48.0,41,49,1.0,1,17,
48.0,41,49,3.0,1,17,
48.0,61,60,1.0,0,17,a
49.0,46,52,1.0,1,17,
49.0,62,61,1.75,0,17,a
50.0,43,50,1.0,1,17,
50.0,52,55,1.0,1,17,
50.75,59,59,0.25,0,17,a
51.0,41,49,1.5,1,18,
51.0,45,51,1.5,1,18,
51.0,60,60,0.75,0,18,a
51.75,57,58,0.25,0,18,a
52.0,45,51,0.5,1,18,
52.0,48,53,0.5,1,18,
52.0,53,56,0.5,0,18,a
53.0,65,63,0.75,0,18,a
53.75,69,65,0.25,0,18,a
54.0,53,56,1.0,1,19,
54.0,53,56,3.0,1,19,
54.0,73,67,1.0,0,19,a
55.0,58,59,1.0,1,19,
55.0,74,68,1.75,0,19,a
56.0,55,57,1.0,1,19,
56.0,64,62,1.0,1,19,
56.75,71,66,0.25,0,19,a
57.0,53,56,1.5,1,20,
57.0,57,58,1.5,1,20,
57.0,72,67,0.75,0,20,a
57.75,69,65,0.25,0,20,a
58.0,57,58,0.5,1,20,
58.0,60,60,0.5,1,20,
58.0,65,63,0.5,0,20,a
59.0,77,70,0.75,0,20,a
59.75,81,72,0.25,0,20,a
60.0,85,74,1.0,0,21,a
61.0,65,63,1.0,1,21,
61.0,70,66,1.75,1,21,
61.0,74,68,1.0,0,21,
61.0,86,75,2.75,0,21,a
62.0,67,64,0.75,1,21,
62.0,70,66,0.75,1,21,
62.0,74,68,0.75,0,21,
62.0,86,75,0.75,0,21,
62.75,65,63,0.25,1,21,
62.75,67,64,0.25,1,21,
62.75,74,68,0.25,0,21,
62.75,83,73,0.25,0,21,a
63.0,64,62,0.75,1,22,
63.0,67,64,0.75,1,22,
63.0,72,67,0.75,0,22,
63.0,84,74,0.75,0,22,a
63.75,65,63,0.25,1,22,
63.75,69,65,0.25,1,22,
63.75,72,67,0.25,0,22,
63.75,81,72,0.25,0,22,a
64.0,62,61,1.0,1,22,
64.0,65,63,1.0,1,22,
64.0,70,66,1.0,0,22,
64.0,82,73,1.75,0,22,a
65.0,64,62,0.75,1,22,
65.0,67,64,0.75,1,22,
65.0,70,66,0.75,0,22,
65.0,82,73,0.75,0,22,
65.75,62,61,0.25,1,22,
65.75,65,63,0.25,1,22,
65.75,70,66,0.25,0,22,
65.75,79,71,0.25,0,22,a
66.0,61,60,0.75,1,23,
66.0,64,62,0.75,1,23,
66.0,69,65,0.75,0,23,
66.0,81,72,0.75,0,23,a
66.75,62,61,0.25,1,23,
66.75,65,63,0.25,1,23,
66.75,69,65,0.25,0,23,
66.75,77,70,0.25,0,23,a
67.0,58,59,2.0,1,23,
67.0,62,61,1.75,1,23,
67.0,67,64,1.0,0,23,
67.0,79,71,1.75,0,23,a
68.0,62,61,0.75,1,23,
68.0,70,66,1.0,0,23,
68.0,79,71,0.75,0,23,
68.75,67,64,0.25,1,23,
68.75,74,68,0.25,0,23,a
69.0,60,60,1.0,1,24,
69.0,67,64,0.75,1,24,
69.0,70,66,1.0,0,24,
69.0,76,69,0.75,0,24,a
69.75,64,62,0.25,1,24,
69.75,79,71,0.25,0,24,a
70.0,53,56,0.5,1,24,
70.0,65,63,0.5,1,24,
70.0,69,65,0.5,0,24,
70.0,77,70,0.5,0,24,a
71.0,36,46,0.333333333333,1,24,
71.0,48,53,0.333333333333,1,24,b
71.3333333333,48,53,0.333333333333,1,24,
71.3333333333,60,60,0.333333333333,1,24,b
71.6666666667,47,52,0.333333333333,1,24,
71.6666666667,59,59,0.333333333333,1,24,b
72.0,48,53,0.333333333333,1,25,
72.0,60,60,0.333333333333,1,25,b
72.3333333333,46,52,0.333333333333,1,25,
72.3333333333,58,59,0.333333333333,1,25,b
72.6666666667,45,51,0.333333333333,1,25,
72.6666666667,57,58,0.333333333333,1,25,b
73.0,43,50,0.333333333333,1,25,
73.0,55,57,0.333333333333,1,25,b
73.3333333333,45,51,0.333333333333,1,25,
73.3333333333,57,58,0.333333333333,1,25,b
73.6666666667,46,52,0.333333333333,1,25,
73.6666666667,58,59,0.333333333333,1,25,b
74.0,45,51,0.333333333333,1,25,
74.0,57,58,0.333333333333,1,25,b
74.0,60,60,0.333333333333,0,25,
74.0,72,67,0.333333333333,0,25,b
74.3333333333,45,51,0.333333333333,1,25,
74.3333333333,57,58,0.333333333333,1,25,b
74.3333333333,72,67,0.333333333333,0,25,
74.3333333333,84,74,0.333333333333,0,25,b
74.6666666667,44,50,0.333333333333,1,25,
74.6666666667,56,57,0.333333333333,1,25,b
74.6666666667,71,66,0.333333333333,0,25,
74.6666666667,83,73,0.333333333333,0,25,b
75.0,45,51,0.333333333333,1,26,
75.0,57,58,0.333333333333,1,26,b
75.0,72,67,0.333333333333,0,26,
75.0,84,74,0.333333333333,0,26,b
75.3333333333,46,52,0.333333333333,1,26,
75.3333333333,58,59,0.333333333333,1,26,b
75.3333333333,70,66,0.333333333333,0,26,
75.3333333333,82,73,0.333333333333,0,26,b
75.6666666667,48,53,0.333333333333,1,26,
75.6666666667,60,60,0.333333333333,1,26,b
75.6666666667,69,65,0.333333333333,0,26,
75.6666666667,81,72,0.333333333333,0,26,b
76.0,46,52,0.333333333333,1,26,
76.0,58,59,0.333333333333,1,26,b
76.0,67,64,0.333333333333,0,26,
76.0,79,71,0.333333333333,0,26,b
76.3333333333,45,51,0.333333333333,1,26,
76.3333333333,57,58,0.333333333333,1,26,b
76.3333333333,69,65,0.333333333333,0,26,
76.3333333333,81,72,0.333333333333,0,26,b
76.6666666667,43,50,0.333333333333,1,26,
76.6666666667,55,57,0.333333333333,1,26,b
76.6666666667,70,66,0.333333333333,0,26,
76.6666666667,82,73,0.333333333333,0,26,b
77.0,41,49,0.333333333333,1,26,
77.0,53,56,0.333333333333,1,26,b
77.0,69,65,0.333333333333,0,26,
77.0,81,72,0.333333333333,0,26,b
77.3333333333,43,50,0.333333333333,1,26,
77.3333333333,55,57,0.333333333333,1,26,b
77.3333333333,67,64,0.333333333333,0,26,
77.3333333333,79,71,0.333333333333,0,26,b
77.6666666667,45,51,0.333333333333,1,26,
77.6666666667,57,58,0.333333333333,1,26,b
77.6666666667,65,63,0.333333333333,0,26,
77.6666666667,77,70,0.333333333333,0,26,b
78.0,43,50,0.333333333333,1,27,
78.0,55,57,0.333333333333,1,27,b
78.0,64,62,0.333333333333,0,27,
78.0,76,69,0.333333333333,0,27,b
78.3333333333,41,49,0.333333333333,1,27,
78.3333333333,53,56,0.333333333333,1,27,b
78.3333333333,65,63,0.333333333333,0,27,
78.3333333333,77,70,0.333333333333,0,27,b
78.6666666667,40,48,0.333333333333,1,27,
78.6666666667,52,55,0.333333333333,1,27,b
78.6666666667,67,64,0.333333333333,0,27,
78.6666666667,79,71,0.333333333333,0,27,b
79.0,38,47,0.333333333333,1,27,
79.0,50,54,0.333333333333,1,27,b
79.0,65,63,0.333333333333,0,27,
79.0,77,70,0.333333333333,0,27,b
79.3333333333,40,48,0.333333333333,1,27,
79.3333333333,52,55,0.333333333333,1,27,b
79.3333333333,64,62,0.333333333333,0,27,
79.3333333333,76,69,0.333333333333,0,27,b
79.6666666667,41,49,0.333333333333,1,27,
79.6666666667,53,56,0.333333333333,1,27,b
79.6666666667,62,61,0.333333333333,0,27,
79.6666666667,74,68,0.333333333333,0,27,b
80.0,40,48,0.333333333333,1,27,
80.0,52,55,0.333333333333,1,27,b
80.0,61,60,0.333333333333,0,27,
80.0,73,67,0.333333333333,0,27,b
80.3333333333,38,47,0.333333333333,1,27,
80.3333333333,50,54,0.333333333333,1,27,b
80.3333333333,62,61,0.333333333333,0,27,
80.3333333333,74,68,0.333333333333,0,27,b
80.6666666667,36,46,0.333333333333,1,27,
80.6666666667,48,53,0.333333333333,1,27,b
80.6666666667,64,62,0.333333333333,0,27,
80.6666666667,76,69,0.333333333333,0,27,b
81.0,34,45,0.333333333333,1,28,
81.0,46,52,0.333333333333,1,28,
81.0,62,61,0.333333333333,0,28,
81.0,74,68,0.333333333333,0,28,b
81.3333333333,33,44,0.333333333333,1,28,
81.3333333333,45,51,0.333333333333,1,28,
81.3333333333,60,60,0.333333333333,0,28,
81.3333333333,72,67,0.333333333333,0,28,b
81.6666666667,34,45,0.333333333333,1,28,
81.6666666667,46,52,0.333333333333,1,28,
81.6666666667,58,59,0.333333333333,0,28,
81.6666666667,70,66,0.333333333333,0,28,b
82.0,35,45,0.333333333333,1,28,
82.0,47,52,0.333333333333,1,28,
82.0,57,58,0.333333333333,0,28,
82.0,69,65,0.333333333333,0,28,b
82.3333333333,33,44,0.333333333333,1,28,
82.3333333333,45,51,0.333333333333,1,28,
82.3333333333,55,57,0.333333333333,0,28,
82.3333333333,67,64,0.333333333333,0,28,b
82.6666666667,35,45,0.333333333333,1,28,
82.6666666667,47,52,0.333333333333,1,28,
82.6666666667,53,56,0.333333333333,0,28,
82.6666666667,65,63,0.333333333333,0,28,b
83.0,36,46,1.0,1,28,
83.0,48,53,1.0,1,28,
83.0,52,55,0.333333333333,0,28,
83.0,64,62,0.333333333333,0,28,b
83.3333333333,60,60,0.333333333333,0,28,
83.3333333333,72,67,0.333333333333,0,28,b
83.6666666667,59,59,0.333333333333,0,28,
83.6666666667,71,66,0.333333333333,0,28,b
84.0,60,60,0.333333333333,0,29,
84.0,72,67,0.333333333333,0,29,b
84.3333333333,58,59,0.333333333333,0,29,
84.3333333333,70,66,0.333333333333,0,29,b
84.6666666667,57,58,0.333333333333,0,29,
84.6666666667,69,65,0.333333333333,0,29,b
85.0,55,57,0.333333333333,0,29,
85.0,67,64,0.333333333333,0,29,b
85.3333333333,57,58,0.333333333333,0,29,
85.3333333333,69,65,0.333333333333,0,29,b
85.6666666667,58,59,0.333333333333,0,29,
85.6666666667,70,66,0.333333333333,0,29,b
86.0,48,53,0.333333333333,1,29,b
86.0,57,58,0.333333333333,0,29,
86.0,69,65,0.333333333333,0,29,b
86.3333333333,60,60,0.333333333333,1,29,b
86.3333333333,69,65,0.333333333333,0,29,
86.3333333333,81,72,0.333333333333,0,29,b
86.6666666667,59,59,0.333333333333,1,29,b
86.6666666667,60,60,0.333333333333,1,29,
86.6666666667,68,64,0.333333333333,0,29,
86.6666666667,80,71,0.333333333333,0,29,b
87.0,60,60,0.333333333333,1,30,b
87.0,69,65,0.333333333333,0,30,
87.0,81,72,0.333333333333,0,30,b
87.3333333333,58,59,0.333333333333,1,30,b
87.3333333333,60,60,0.333333333333,1,30,
87.3333333333,67,64,0.333333333333,0,30,
87.3333333333,79,71,0.333333333333,0,30,b
87.6666666667,57,58,0.333333333333,1,30,b
87.6666666667,60,60,0.333333333333,1,30,
87.6666666667,65,63,0.333333333333,0,30,
87.6666666667,77,70,0.333333333333,0,30,b
88.0,58,59,0.333333333333,1,30,b
88.0,60,60,0.333333333333,1,30,
88.0,67,64,0.333333333333,0,30,
88.0,76,69,0.333333333333,0,30,b
88.3333333333,57,58,0.333333333333,1,30,b
88.3333333333,60,60,0.333333333333,1,30,
88.3333333333,69,65,0.333333333333,0,30,
88.3333333333,77,70,0.333333333333,0,30,b
88.6666666667,55,57,0.333333333333,1,30,b
88.6666666667,60,60,0.333333333333,1,30,
88.6666666667,70,66,0.333333333333,0,30,
88.6666666667,79,71,0.333333333333,0,30,b
89.0,57,58,0.333333333333,1,30,b
89.0,60,60,0.333333333333,1,30,
89.0,69,65,0.333333333333,0,30,
89.0,77,70,0.333333333333,0,30,b
89.3333333333,55,57,0.333333333333,1,30,b
89.3333333333,60,60,0.333333333333,1,30,
89.3333333333,70,66,0.333333333333,0,30,
89.3333333333,79,71,0.333333333333,0,30,b
89.6666666667,53,56,0.333333333333,1,30,b
89.6666666667,60,60,0.333333333333,1,30,
89.6666666667,72,67,0.333333333333,0,30,
89.6666666667,81,72,0.333333333333,0,30,b
90.0,55,57,0.333333333333,1,31,b
90.0,57,58,0.333333333333,1,31,
90.0,64,62,0.333333333333,0,31,
90.0,73,67,0.333333333333,0,31,b
90.3333333333,53,56,0.333333333333,1,31,b
90.3333333333,57,58,0.333333333333,1,31,
90.3333333333,65,63,0.333333333333,0,31,
90.3333333333,74,68,0.333333333333,0,31,b
90.6666666667,52,55,0.333333333333,1,31,b
90.6666666667,57,58,0.333333333333,1,31,
90.6666666667,67,64,0.333333333333,0,31,
90.6666666667,76,69,0.333333333333,0,31,b
91.0,53,56,0.333333333333,1,31,b
91.0,57,58,0.333333333333,1,31,
91.0,65,63,0.333333333333,0,31,
91.0,74,68,0.333333333333,0,31,b
91.3333333333,52,55,0.333333333333,1,31,b
91.3333333333,57,58,0.333333333333,1,31,
91.3333333333,67,64,0.333333333333,0,31,
91.3333333333,76,69,0.333333333333,0,31,b
91.6666666667,50,54,0.333333333333,1,31,b
91.6666666667,57,58,0.333333333333,1,31,
91.6666666667,69,65,0.333333333333,0,31,
91.6666666667,77,70,0.333333333333,0,31,b
92.0,53,56,0.333333333333,1,31,b
92.0,55,57,0.333333333333,1,31,
92.0,62,61,0.333333333333,0,31,
92.0,71,66,0.333333333333,0,31,b
92.3333333333,52,55,0.333333333333,1,31,b
92.3333333333,55,57,0.333333333333,1,31,
92.3333333333,64,62,0.333333333333,0,31,
92.3333333333,72,67,0.333333333333,0,31,b
92.6666666667,50,54,0.333333333333,1,31,b
92.6666666667,55,57,0.333333333333,1,31,
92.6666666667,65,63,0.333333333333,0,31,
92.6666666667,74,68,0.333333333333,0,31,b
93.0,52,55,0.333333333333,1,32,b
93.0,55,57,0.333333333333,1,32,
93.0,64,62,0.333333333333,0,32,
93.0,72,67,0.333333333333,0,32,b
93.3333333333,50,54,0.333333333333,1,32,b
93.3333333333,55,57,0.333333333333,1,32,
93.3333333333,65,63,0.333333333333,0,32,
93.3333333333,74,68,0.333333333333,0,32,b
93.6666666667,48,53,0.333333333333,1,32,b
93.6666666667,55,57,0.333333333333,1,32,
93.6666666667,67,64,0.333333333333,0,32,
93.6666666667,76,69,0.333333333333,0,32,b
94.0,55,57,0.333333333333,1,32,b
94.0,57,58,0.333333333333,1,32,
94.0,64,62,0.333333333333,0,32,
94.0,73,67,0.333333333333,0,32,b
94.3333333333,53,56,0.333333333333,1,32,b
94.3333333333,57,58,0.333333333333,1,32,
94.3333333333,65,63,0.333333333333,0,32,
94.3333333333,74,68,0.333333333333,0,32,b
94.6666666667,52,55,0.333333333333,1,32,b
94.6666666667,57,58,0.333333333333,1,32,
94.6666666667,67,64,0.333333333333,0,32,
94.6666666667,76,69,0.333333333333,0,32,b
95.0,53,56,0.333333333333,1,32,b
95.0,57,58,0.333333333333,1,32,
95.0,65,63,0.333333333333,0,32,
95.0,74,68,0.333333333333,0,32,b
95.3333333333,52,55,0.333333333333,1,32,b
95.3333333333,57,58,0.333333333333,1,32,
95.3333333333,67,64,0.333333333333,0,32,
95.3333333333,76,69,0.333333333333,0,32,b
95.6666666667,50,54,0.333333333333,1,32,b
95.6666666667,57,58,0.333333333333,1,32,
95.6666666667,69,65,0.333333333333,0,32,
95.6666666667,77,70,0.333333333333,0,32,b
96.0,53,56,0.333333333333,1,33,b
96.0,55,57,0.333333333333,1,33,
96.0,62,61,0.333333333333,0,33,
96.0,71,66,0.333333333333,0,33,b
96.3333333333,52,55,0.333333333333,1,33,b
96.3333333333,55,57,0.333333333333,1,33,
96.3333333333,64,62,0.333333333333,0,33,
96.3333333333,72,67,0.333333333333,0,33,b
96.6666666667,50,54,0.333333333333,1,33,b
96.6666666667,55,57,0.333333333333,1,33,
96.6666666667,65,63,0.333333333333,0,33,
96.6666666667,74,68,0.333333333333,0,33,b
97.0,52,55,0.333333333333,1,33,b
97.0,55,57,0.333333333333,1,33,
97.0,64,62,0.333333333333,0,33,
97.0,72,67,0.333333333333,0,33,b
97.3333333333,50,54,0.333333333333,1,33,b
97.3333333333,55,57,0.333333333333,1,33,
97.3333333333,65,63,0.333333333333,0,33,
97.3333333333,74,68,0.333333333333,0,33,b
97.6666666667,48,53,0.333333333333,1,33,b
97.6666666667,55,57,0.333333333333,1,33,
97.6666666667,67,64,0.333333333333,0,33,
97.6666666667,76,69,0.333333333333,0,33,b
98.0,52,55,0.333333333333,1,33,b
98.0,60,60,0.333333333333,0,33,
98.0,72,67,0.333333333333,0,33,b
98.3333333333,50,54,0.333333333333,1,33,b
98.3333333333,62,61,0.333333333333,0,33,
98.3333333333,74,68,0.333333333333,0,33,b
98.6666666667,48,53,0.333333333333,1,33,b
98.6666666667,64,62,0.333333333333,0,33,
98.6666666667,76,69,0.333333333333,0,33,b
99.0,47,52,0.333333333333,1,34,b
99.0,65,63,0.333333333333,0,34,
99.0,77,70,0.333333333333,0,34,b
99.3333333333,45,51,0.333333333333,1,34,b
99.3333333333,67,64,0.333333333333,0,34,
99.3333333333,79,71,0.333333333333,0,34,b
99.6666666667,43,50,0.333333333333,1,34,b
99.6666666667,69,65,0.333333333333,0,34,
99.6666666667,81,72,0.333333333333,0,34,b
100.0,41,49,0.333333333333,1,34,b
100.0,71,66,0.333333333333,0,34,
100.0,83,73,0.333333333333,0,34,b
100.333333333,40,48,0.333333333333,1,34,b
100.333333333,72,67,0.333333333333,0,34,
100.333333333,84,74,0.333333333333,0,34,b
100.666666667,38,47,0.333333333333,1,34,b
100.666666667,74,68,0.333333333333,0,34,
100.666666667,86,75,0.333333333333,0,34,b
101.0,36,46,0.333333333333,1,34,b
101.0,43,50,0.333333333333,1,34,
101.0,76,69,0.333333333333,0,34,
101.0,88,76,0.333333333333,0,34,b
101.333333333,38,47,0.333333333333,1,34,b
101.333333333,43,50,0.333333333333,1,34,
101.333333333,74,68,0.333333333333,0,34,
101.333333333,86,75,0.333333333333,0,34,b
101.666666667,40,48,0.333333333333,1,34,b
101.666666667,43,50,0.333333333333,1,34,
101.666666667,72,67,0.333333333333,0,34,
101.666666667,84,74,0.333333333333,0,34,b
102.0,41,49,0.333333333333,1,35,b
102.0,43,50,0.333333333333,1,35,
102.0,71,66,0.333333333333,0,35,
102.0,83,73,0.333333333333,0,35,b
102.333333333,40,48,0.333333333333,1,35,b
102.333333333,43,50,0.333333333333,1,35,
102.333333333,72,67,0.333333333333,0,35,
102.333333333,84,74,0.333333333333,0,35,b
102.666666667,38,47,0.333333333333,1,35,b
102.666666667,43,50,0.333333333333,1,35,
102.666666667,74,68,0.333333333333,0,35,
102.666666667,86,75,0.333333333333,0,35,b
103.0,36,46,0.333333333333,1,35,b
103.0,43,50,0.333333333333,1,35,
103.0,76,69,0.333333333333,0,35,
103.0,88,76,0.333333333333,0,35,b
103.333333333,38,47,0.333333333333,1,35,b
103.333333333,43,50,0.333333333333,1,35,
103.333333333,74,68,0.333333333333,0,35,
103.333333333,86,75,0.333333333333,0,35,b
103.666666667,40,48,0.333333333333,1,35,b
103.666666667,43,50,0.333333333333,1,35,
103.666666667,72,67,0.333333333333,0,35,
103.666666667,84,74,0.333333333333,0,35,b
104.0,41,49,0.333333333333,1,35,b
104.0,43,50,0.333333333333,1,35,
104.0,71,66,0.333333333333,0,35,
104.0,83,73,0.333333333333,0,35,b
104.333333333,40,48,0.333333333333,1,35,b
104.333333333,43,50,0.333333333333,1,35,
104.333333333,72,67,0.333333333333,0,35,
104.333333333,84,74,0.333333333333,0,35,b
104.666666667,38,47,0.333333333333,1,35,b
104.666666667,43,50,0.333333333333,1,35,
104.666666667,74,68,0.333333333333,0,35,
104.666666667,86,75,0.333333333333,0,35,b
105.0,36,46,0.333333333333,1,36,
105.0,76,69,0.333333333333,0,36,
105.0,88,76,0.333333333333,0,36,b
105.333333333,38,47,0.333333333333,1,36,
105.333333333,74,68,0.333333333333,0,36,
105.333333333,86,75,0.333333333333,0,36,b
105.666666667,40,48,0.333333333333,1,36,
105.666666667,72,67,0.333333333333,0,36,
105.666666667,84,74,0.333333333333,0,36,b
106.0,41,49,0.333333333333,1,36,
106.0,76,69,0.333333333333,0,36,
106.0,88,76,0.333333333333,0,36,b
106.333333333,42,49,0.333333333333,1,36,
106.333333333,74,68,0.333333333333,0,36,
106.333333333,86,75,0.333333333333,0,36,b
106.666666667,43,50,0.333333333333,1,36,
106.666666667,72,67,0.333333333333,0,36,
106.666666667,84,74,0.333333333333,0,36,b
107.0,44,50,0.333333333333,1,36,
107.0,76,69,0.333333333333,0,36,
107.0,88,76,0.333333333333,0,36,b
107.333333333,45,51,0.333333333333,1,36,
107.333333333,74,68,0.333333333333,0,36,
107.333333333,86,75,0.333333333333,0,36,b
107.666666667,42,49,0.333333333333,1,36,
107.666666667,72,67,0.333333333333,0,36,
107.666666667,84,74,0.333333333333,0,36,b
108.0,43,50,0.333333333333,1,37,
108.0,71,66,0.333333333333,0,37,
108.0,83,73,0.333333333333,0,37,b
108.333333333,43,50,0.333333333333,1,37,
108.333333333,69,65,0.333333333333,0,37,
108.333333333,81,72,0.333333333333,0,37,b
108.666666667,45,51,0.333333333333,1,37,
108.666666667,67,64,0.333333333333,0,37,
108.666666667,79,71,0.333333333333,0,37,b
109.0,47,52,0.333333333333,1,37,
109.0,65,63,0.333333333333,0,37,
109.0,77,70,0.333333333333,0,37,b
109.333333333,48,53,0.333333333333,1,37,
109.333333333,64,62,0.333333333333,0,37,
109.333333333,76,69,0.333333333333,0,37,b
109.666666667,50,54,0.333333333333,1,37,
109.666666667,62,61,0.333333333333,0,37,
109.666666667,74,68,0.333333333333,0,37,b
110.0,52,55,0.333333333333,1,37,
110.0,60,60,0.333333333333,0,37,
110.0,72,67,0.333333333333,0,37,b
110.333333333,53,56,0.333333333333,1,37,
110.333333333,62,61,0.333333333333,0,37,
110.333333333,74,68,0.333333333333,0,37,b
110.666666667,55,57,0.333333333333,1,37,
110.666666667,59,59,0.333333333333,0,37,
110.666666667,71,66,0.333333333333,0,37,b
111.0,48,53,0.5,1,38,
111.0,60,60,0.333333333333,0,38,
111.0,72,67,0.333333333333,0,38,b
111.333333333,50,54,0.333333333333,0,38,b
111.666666667,47,52,0.333333333333,0,38,b
112.0,48,53,0.5,0,38,b
113.0,39,48,0.333333333333,1,38,
113.0,51,55,0.333333333333,1,38,b
113.333333333,51,55,0.333333333333,1,38,
113.333333333,63,62,0.333333333333,1,38,b
113.666666667,50,54,0.333333333333,1,38,
113.666666667,62,61,0.333333333333,1,38,b
114.0,51,55,0.333333333333,1,39,
114.0,63,62,0.333333333333,1,39,b
114.333333333,49,54,0.333333333333,1,39,
114.333333333,61,61,0.333333333333,1,39,b
114.666666667,48,53,0.333333333333,1,39,
114.666666667,60,60,0.333333333333,1,39,b
115.0,46,52,0.333333333333,1,39,
115.0,58,59,0.333333333333,1,39,b
115.333333333,48,53,0.333333333333,1,39,
115.333333333,60,60,0.333333333333,1,39,b
115.666666667,49,54,0.333333333333,1,39,
115.666666667,61,61,0.333333333333,1,39,b
116.0,48,53,0.333333333333,1,39,
116.0,60,60,0.333333333333,1,39,b
116.0,63,62,0.333333333333,0,39,
116.0,75,69,0.333333333333,0,39,b
116.333333333,48,53,0.333333333333,1,39,
116.333333333,60,60,0.333333333333,1,39,b
116.333333333,75,69,0.333333333333,0,39,
116.333333333,87,76,0.333333333333,0,39,b
116.666666667,47,52,0.333333333333,1,39,
116.666666667,59,59,0.333333333333,1,39,b
116.666666667,74,68,0.333333333333,0,39,
116.666666667,86,75,0.333333333333,0,39,b
117.0,48,53,0.333333333333,1,40,
117.0,60,60,0.333333333333,1,40,b
117.0,75,69,0.333333333333,0,40,
117.0,87,76,0.333333333333,0,40,b
117.333333333,49,54,0.333333333333,1,40,
117.333333333,61,61,0.333333333333,1,40,b
117.333333333,73,68,0.333333333333,0,40,
117.333333333,85,75,0.333333333333,0,40,b
117.666666667,51,55,0.333333333333,1,40,
117.666666667,63,62,0.333333333333,1,40,b
117.666666667,72,67,0.333333333333,0,40,
117.666666667,84,74,0.333333333333,0,40,b
118.0,49,54,0.333333333333,1,40,
118.0,61,61,0.333333333333,1,40,b
118.0,70,66,0.333333333333,0,40,
118.0,82,73,0.333333333333,0,40,b
118.333333333,48,53,0.333333333333,1,40,
118.333333333,60,60,0.333333333333,1,40,b
118.333333333,72,67,0.333333333333,0,40,
118.333333333,84,74,0.333333333333,0,40,b
118.666666667,46,52,0.333333333333,1,40,
118.666666667,58,59,0.333333333333,1,40,b
118.666666667,73,68,0.333333333333,0,40,
118.666666667,85,75,0.333333333333,0,40,b
119.0,44,51,0.333333333333,1,40,
119.0,56,58,0.333333333333,1,40,b
119.0,72,67,0.333333333333,0,40,
119.0,84,74,0.333333333333,0,40,b
119.333333333,46,52,0.333333333333,1,40,
119.333333333,58,59,0.333333333333,1,40,b
119.333333333,70,66,0.333333333333,0,40,
119.333333333,82,73,0.333333333333,0,40,b
119.666666667,48,53,0.333333333333,1,40,
119.666666667,60,60,0.333333333333,1,40,b
119.666666667,68,65,0.333333333333,0,40,
119.666666667,80,72,0.333333333333,0,40,b
120.0,46,52,0.333333333333,1,41,
120.0,58,59,0.333333333333,1,41,b
120.0,67,64,0.333333333333,0,41,
120.0,79,71,0.333333333333,0,41,b
120.333333333,44,51,0.333333333333,1,41,
120.333333333,56,58,0.333333333333,1,41,b
120.333333333,68,65,0.333333333333,0,41,
120.333333333,80,72,0.333333333333,0,41,b
120.666666667,43,50,0.333333333333,1,41,
120.666666667,55,57,0.333333333333,1,41,b
120.666666667,70,66,0.333333333333,0,41,
120.666666667,82,73,0.333333333333,0,41,b
121.0,41,49,0.333333333333,1,41,
121.0,53,56,0.333333333333,1,41,b
121.0,68,65,0.333333333333,0,41,
121.0,80,72,0.333333333333,0,41,b
121.333333333,43,50,0.333333333333,1,41,
121.333333333,55,57,0.333333333333,1,41,b
121.333333333,67,64,0.333333333333,0,41,
121.333333333,79,71,0.333333333333,0,41,b
121.666666667,44,51,0.333333333333,1,41,
121.666666667,56,58,0.333333333333,1,41,b
121.666666667,65,63,0.333333333333,0,41,
121.666666667,77,70,0.333333333333,0,41,b
122.0,43,50,0.333333333333,1,41,
122.0,55,57,0.333333333333,1,41,b
122.0,63,62,0.333333333333,0,41,
122.0,75,69,0.333333333333,0,41,b
122.333333333,41,49,0.333333333333,1,41,
122.333333333,53,56,0.333333333333,1,41,b
122.333333333,65,63,0.333333333333,0,41,
122.333333333,77,70,0.333333333333,0,41,b
122.666666667,39,48,0.333333333333,1,41,
122.666666667,51,55,0.333333333333,1,41,b
122.666666667,67,64,0.333333333333,0,41,
122.666666667,79,71,0.333333333333,0,41,b
123.0,37,47,0.333333333333,1,42,
123.0,49,54,0.333333333333,1,42,
123.0,65,63,0.333333333333,0,42,
123.0,77,70,0.333333333333,0,42,b
123.333333333,36,46,0.333333333333,1,42,
123.333333333,48,53,0.333333333333,1,42,
123.333333333,63,62,0.333333333333,0,42,
123.333333333,75,69,0.333333333333,0,42,b
123.666666667,37,47,0.333333333333,1,42,
123.666666667,49,54,0.333333333333,1,42,
123.666666667,61,61,0.333333333333,0,42,
123.666666667,73,68,0.333333333333,0,42,b
124.0,38,47,0.333333333333,1,42,
124.0,50,54,0.333333333333,1,42,
124.0,60,60,0.333333333333,0,42,
124.0,72,67,0.333333333333,0,42,b
124.333333333,36,46,0.333333333333,1,42,
124.333333333,48,53,0.333333333333,1,42,
124.333333333,58,59,0.333333333333,0,42,
124.333333333,70,66,0.333333333333,0,42,b
124.666666667,38,47,0.333333333333,1,42,
124.666666667,50,54,0.333333333333,1,42,
124.666666667,56,58,0.333333333333,0,42,
124.666666667,68,65,0.333333333333,0,42,b
125.0,39,48,0.5,1,42,
125.0,51,55,0.5,1,42,
125.0,55,57,0.333333333333,0,42,
125.0,67,64,0.333333333333,0,42,b
125.333333333,63,62,0.333333333333,0,42,
125.333333333,75,69,0.333333333333,0,42,b
125.666666667,62,61,0.333333333333,0,42,
125.666666667,74,68,0.333333333333,0,42,b
126.0,63,62,0.333333333333,0,43,
126.0,75,69,0.333333333333,0,43,b
126.333333333,61,61,0.333333333333,0,43,
126.333333333,73,68,0.333333333333,0,43,b
126.666666667,60,60,0.333333333333,0,43,
126.666666667,72,67,0.333333333333,0,43,b
127.0,58,59,0.333333333333,0,43,
127.0,70,66,0.333333333333,0,43,b
127.333333333,60,60,0.333333333333,0,43,
127.333333333,72,67,0.333333333333,0,43,b
127.666666667,61,61,0.333333333333,0,43,
127.666666667,73,68,0.333333333333,0,43,b
128.0,51,55,0.333333333333,1,43,b
128.0,60,60,0.333333333333,0,43,
128.0,72,67,0.333333333333,0,43,b
128.33333333299998,63,62,0.333333333333,1,43,b
128.33333333299998,72,67,0.333333333333,0,43,
128.33333333299998,84,74,0.333333333333,0,43,b
128.66666666700002,62,61,0.333333333333,1,43,b
128.66666666700002,63,62,0.333333333333,1,43,
128.66666666700002,71,66,0.333333333333,0,43,
128.66666666700002,83,73,0.333333333333,0,43,b
129.0,63,62,0.333333333333,1,44,b
129.0,72,67,0.333333333333,0,44,
129.0,84,74,0.333333333333,0,44,b
129.33333333299998,61,61,0.333333333333,1,44,b
129.33333333299998,63,62,0.333333333333,1,44,
129.33333333299998,70,66,0.333333333333,0,44,
129.33333333299998,82,73,0.333333333333,0,44,b
129.66666666700002,60,60,0.333333333333,1,44,b
129.66666666700002,63,62,0.333333333333,1,44,
129.66666666700002,68,65,0.333333333333,0,44,
129.66666666700002,80,72,0.333333333333,0,44,b
130.0,61,61,0.333333333333,1,44,b
130.0,63,62,0.333333333333,1,44,
130.0,70,66,0.333333333333,0,44,
130.0,79,71,0.333333333333,0,44,b
130.33333333299998,60,60,0.333333333333,1,44,b
130.33333333299998,63,62,0.333333333333,1,44,
130.33333333299998,72,67,0.333333333333,0,44,
130.33333333299998,80,72,0.333333333333,0,44,b
130.66666666700002,58,59,0.333333333333,1,44,b
130.66666666700002,63,62,0.333333333333,1,44,
130.66666666700002,73,68,0.333333333333,0,44,
130.66666666700002,82,73,0.333333333333,0,44,b
131.0,60,60,0.333333333333,1,44,b
131.0,63,62,0.333333333333,1,44,
131.0,72,67,0.333333333333,0,44,
131.0,80,72,0.333333333333,0,44,b
131.33333333299998,58,59,0.333333333333,1,44,b
131.33333333299998,63,62,0.333333333333,1,44,
131.33333333299998,73,68,0.333333333333,0,44,
131.33333333299998,82,73,0.333333333333,0,44,b
131.66666666700002,56,58,0.333333333333,1,44,b
131.66666666700002,63,62,0.333333333333,1,44,
131.66666666700002,75,69,0.333333333333,0,44,
131.66666666700002,84,74,0.333333333333,0,44,b
132.0,58,59,0.333333333333,1,45,b
132.0,60,60,0.333333333333,1,45,
132.0,67,64,0.333333333333,0,45,
132.0,76,69,0.333333333333,0,45,b
132.33333333299998,56,58,0.333333333333,1,45,b
132.33333333299998,60,60,0.333333333333,1,45,
132.33333333299998,68,65,0.333333333333,0,45,
132.33333333299998,77,70,0.333333333333,0,45,b
132.66666666700002,55,57,0.333333333333,1,45,b
132.66666666700002,60,60,0.333333333333,1,45,
132.66666666700002,70,66,0.333333333333,0,45,
132.66666666700002,79,71,0.333333333333,0,45,b
133.0,56,58,0.333333333333,1,45,b
133.0,60,60,0.333333333333,1,45,
133.0,68,65,0.333333333333,0,45,
133.0,77,70,0.333333333333,0,45,b
133.33333333299998,55,57,0.333333333333,1,45,b
133.33333333299998,60,60,0.333333333333,1,45,
133.33333333299998,70,66,0.333333333333,0,45,
133.33333333299998,79,71,0.333333333333,0,45,b
133.66666666700002,53,56,0.333333333333,1,45,b
133.66666666700002,60,60,0.333333333333,1,45,
133.66666666700002,72,67,0.333333333333,0,45,
133.66666666700002,80,72,0.333333333333,0,45,b
134.0,54,57,0.333333333333,1,45,
134.0,56,58,0.333333333333,1,45,b
134.0,63,62,0.333333333333,0,45,
134.0,72,67,0.333333333333,0,45,b
134.33333333299998,53,56,0.333333333333,1,45,b
134.33333333299998,56,58,0.333333333333,1,45,
134.33333333299998,65,63,0.333333333333,0,45,
134.33333333299998,73,68,0.333333333333,0,45,b
134.66666666700002,51,55,0.333333333333,1,45,b
134.66666666700002,56,58,0.333333333333,1,45,
134.66666666700002,66,64,0.333333333333,0,45,
134.66666666700002,75,69,0.333333333333,0,45,b
135.0,53,56,0.333333333333,1,46,b
135.0,56,58,0.333333333333,1,46,
135.0,65,63,0.333333333333,0,46,
135.0,73,68,0.333333333333,0,46,b
135.33333333299998,51,55,0.333333333333,1,46,b
135.33333333299998,56,58,0.333333333333,1,46,
135.33333333299998,66,64,0.333333333333,0,46,
135.33333333299998,75,69,0.333333333333,0,46,b
135.66666666700002,49,54,0.333333333333,1,46,b
135.66666666700002,56,58,0.333333333333,1,46,
135.66666666700002,68,65,0.333333333333,0,46,
135.66666666700002,77,70,0.333333333333,0,46,b
136.0,51,55,0.333333333333,1,46,b
136.0,53,56,0.333333333333,1,46,
136.0,60,60,0.333333333333,0,46,
136.0,69,65,0.333333333333,0,46,b
136.33333333299998,49,54,0.333333333333,1,46,b
136.33333333299998,53,56,0.333333333333,1,46,
136.33333333299998,61,61,0.333333333333,0,46,
136.33333333299998,70,66,0.333333333333,0,46,b
136.66666666700002,48,53,0.333333333333,1,46,b
136.66666666700002,53,56,0.333333333333,1,46,
136.66666666700002,63,62,0.333333333333,0,46,
136.66666666700002,72,67,0.333333333333,0,46,b
137.0,49,54,0.333333333333,1,46,b
137.0,53,56,0.333333333333,1,46,
137.0,61,61,0.333333333333,0,46,
137.0,70,66,0.333333333333,0,46,b
137.33333333299998,48,53,0.333333333333,1,46,b
137.33333333299998,53,56,0.333333333333,1,46,
137.33333333299998,65,63,0.333333333333,0,46,
137.33333333299998,72,67,0.333333333333,0,46,b
137.66666666700002,46,52,0.333333333333,1,46,b
137.66666666700002,53,56,0.333333333333,1,46,
137.66666666700002,65,63,0.333333333333,0,46,
137.66666666700002,73,68,0.333333333333,0,46,b
138.0,49,54,0.333333333333,1,47,b
138.0,51,55,0.333333333333,1,47,
138.0,58,59,0.333333333333,0,47,
138.0,67,64,0.333333333333,0,47,b
138.33333333299998,48,53,0.333333333333,1,47,b
138.33333333299998,51,55,0.333333333333,1,47,
138.33333333299998,60,60,0.333333333333,0,47,
138.33333333299998,68,65,0.333333333333,0,47,b
138.66666666700002,46,52,0.333333333333,1,47,b
138.66666666700002,51,55,0.333333333333,1,47,
138.66666666700002,61,61,0.333333333333,0,47,
138.66666666700002,70,66,0.333333333333,0,47,b
139.0,48,53,0.333333333333,1,47,b
139.0,51,55,0.333333333333,1,47,
139.0,60,60,0.333333333333,0,47,
139.0,68,65,0.333333333333,0,47,b
139.33333333299998,46,52,0.333333333333,1,47,b
139.33333333299998,51,55,0.333333333333,1,47,
139.33333333299998,61,61,0.333333333333,0,47,
139.33333333299998,70,66,0.333333333333,0,47,b
139.66666666700002,44,51,0.333333333333,1,47,b
139.66666666700002,51,55,0.333333333333,1,47,
139.66666666700002,63,62,0.333333333333,0,47,
139.66666666700002,72,67,0.333333333333,0,47,b
140.0,51,55,0.333333333333,1,47,b
140.0,53,56,0.333333333333,1,47,
140.0,60,60,0.333333333333,0,47,
140.0,69,65,0.333333333333,0,47,b
140.33333333299998,49,54,0.333333333333,1,47,b
140.33333333299998,53,56,0.333333333333,1,47,
140.33333333299998,61,61,0.333333333333,0,47,
140.33333333299998,70,66,0.333333333333,0,47,b
140.66666666700002,48,53,0.333333333333,1,47,b
140.66666666700002,53,56,0.333333333333,1,47,
140.66666666700002,63,62,0.333333333333,0,47,
140.66666666700002,72,67,0.333333333333,0,47,b
141.0,49,54,0.333333333333,1,48,b
141.0,53,56,0.333333333333,1,48,
141.0,61,61,0.333333333333,0,48,
141.0,70,66,0.333333333333,0,48,b
141.33333333299998,48,53,0.333333333333,1,48,b
141.33333333299998,53,56,0.333333333333,1,48,
141.33333333299998,63,62,0.333333333333,0,48,
141.33333333299998,72,67,0.333333333333,0,48,b
141.66666666700002,46,52,0.333333333333,1,48,b
141.66666666700002,53,56,0.333333333333,1,48,
141.66666666700002,65,63,0.333333333333,0,48,
141.66666666700002,73,68,0.333333333333,0,48,b
142.0,49,54,0.333333333333,1,48,b
142.0,51,55,0.333333333333,1,48,
142.0,58,59,0.333333333333,0,48,
142.0,67,64,0.333333333333,0,48,b
142.33333333299998,48,53,0.333333333333,1,48,b
142.33333333299998,51,55,0.333333333333,1,48,
142.33333333299998,60,60,0.333333333333,0,48,
142.33333333299998,68,65,0.333333333333,0,48,b
142.66666666700002,46,52,0.333333333333,1,48,b
142.66666666700002,51,55,0.333333333333,1,48,
142.66666666700002,61,61,0.333333333333,0,48,
142.66666666700002,70,66,0.333333333333,0,48,b
143.0,48,53,0.333333333333,1,48,b
143.0,51,55,0.333333333333,1,48,
143.0,60,60,0.333333333333,0,48,
143.0,68,65,0.333333333333,0,48,b
143.33333333299998,46,52,0.333333333333,1,48,b
143.33333333299998,51,55,0.333333333333,1,48,
143.33333333299998,61,61,0.333333333333,0,48,
143.33333333299998,70,66,0.333333333333,0,48,b
143.66666666700002,44,51,0.333333333333,1,48,b
143.66666666700002,51,55,0.333333333333,1,48,
143.66666666700002,63,62,0.333333333333,0,48,
143.66666666700002,72,67,0.333333333333,0,48,b
144.0,49,54,0.333333333333,1,49,b
144.0,51,55,0.333333333333,1,49,
144.0,58,59,0.333333333333,0,49,
144.0,67,64,0.333333333333,0,49,b
144.33333333299998,48,53,0.333333333333,1,49,b
144.33333333299998,51,55,0.333333333333,1,49,
144.33333333299998,60,60,0.333333333333,0,49,
144.33333333299998,68,65,0.333333333333,0,49,b
144.66666666700002,46,52,0.333333333333,1,49,b
144.66666666700002,51,55,0.333333333333,1,49,
144.66666666700002,61,61,0.333333333333,0,49,
144.66666666700002,70,66,0.333333333333,0,49,b
145.0,48,53,0.333333333333,1,49,b
145.0,51,55,0.333333333333,1,49,
145.0,56,58,0.333333333333,0,49,
145.0,68,65,0.333333333333,0,49,b
145.33333333299998,46,52,0.333333333333,1,49,b
145.33333333299998,51,55,0.333333333333,1,49,
145.33333333299998,58,59,0.333333333333,0,49,
145.33333333299998,70,66,0.333333333333,0,49,b
145.66666666700002,44,51,0.333333333333,1,49,b
145.66666666700002,51,55,0.333333333333,1,49,
145.66666666700002,60,60,0.333333333333,0,49,
145.66666666700002,72,67,0.333333333333,0,49,b
146.0,48,53,0.333333333333,1,49,b
146.0,51,55,0.333333333333,1,49,
146.0,56,58,0.333333333333,0,49,
146.0,68,65,0.333333333333,0,49,b
146.33333333299998,46,52,0.333333333333,1,49,b
146.33333333299998,51,55,0.333333333333,1,49,
146.33333333299998,58,59,0.333333333333,0,49,
146.33333333299998,70,66,0.333333333333,0,49,b
146.66666666700002,44,51,0.333333333333,1,49,b
146.66666666700002,51,55,0.333333333333,1,49,
146.66666666700002,60,60,0.333333333333,0,49,
146.66666666700002,72,67,0.333333333333,0,49,b
147.0,43,50,0.333333333333,1,50,b
147.0,61,61,0.333333333333,0,50,
147.0,73,68,0.333333333333,0,50,b
147.33333333299998,41,49,0.333333333333,1,50,b
147.33333333299998,63,62,0.333333333333,0,50,
147.33333333299998,75,69,0.333333333333,0,50,b
147.66666666700002,39,48,0.333333333333,1,50,b
147.66666666700002,65,63,0.333333333333,0,50,
147.66666666700002,77,70,0.333333333333,0,50,b
148.0,37,47,0.333333333333,1,50,b
148.0,67,64,0.333333333333,0,50,
148.0,79,71,0.333333333333,0,50,b
148.33333333299998,36,46,0.333333333333,1,50,b
148.33333333299998,68,65,0.333333333333,0,50,
148.33333333299998,80,72,0.333333333333,0,50,b
148.66666666700002,34,45,0.333333333333,1,50,b
148.66666666700002,70,66,0.333333333333,0,50,
148.66666666700002,82,73,0.333333333333,0,50,b
149.0,32,44,0.333333333333,1,50,b
149.0,39,48,0.333333333333,1,50,
149.0,72,67,0.333333333333,0,50,
149.0,84,74,0.333333333333,0,50,b
149.33333333299998,34,45,0.333333333333,1,50,b
149.33333333299998,39,48,0.333333333333,1,50,
149.33333333299998,70,66,0.333333333333,0,50,
149.33333333299998,82,73,0.333333333333,0,50,b
149.66666666700002,36,46,0.333333333333,1,50,b
149.66666666700002,39,48,0.333333333333,1,50,
149.66666666700002,68,65,0.333333333333,0,50,
149.66666666700002,80,72,0.333333333333,0,50,b
150.0,37,47,0.333333333333,1,51,b
150.0,39,48,0.333333333333,1,51,
150.0,67,64,0.333333333333,0,51,
150.0,79,71,0.333333333333,0,51,b
150.33333333299998,36,46,0.333333333333,1,51,b
150.33333333299998,39,48,0.333333333333,1,51,
150.33333333299998,68,65,0.333333333333,0,51,
150.33333333299998,80,72,0.333333333333,0,51,b
150.66666666700002,34,45,0.333333333333,1,51,b
150.66666666700002,39,48,0.333333333333,1,51,
150.66666666700002,70,66,0.333333333333,0,51,
150.66666666700002,82,73,0.333333333333,0,51,b
151.0,32,44,0.333333333333,1,51,b
151.0,39,48,0.333333333333,1,51,
151.0,72,67,0.333333333333,0,51,
151.0,84,74,0.333333333333,0,51,b
151.33333333299998,34,45,0.333333333333,1,51,b
151.33333333299998,39,48,0.333333333333,1,51,
151.33333333299998,70,66,0.333333333333,0,51,
151.33333333299998,82,73,0.333333333333,0,51,b
151.66666666700002,36,46,0.333333333333,1,51,b
151.66666666700002,39,48,0.333333333333,1,51,
151.66666666700002,68,65,0.333333333333,0,51,
151.66666666700002,80,72,0.333333333333,0,51,b
152.0,37,47,0.333333333333,1,51,b
152.0,39,48,0.333333333333,1,51,
152.0,67,64,0.333333333333,0,51,
152.0,79,71,0.333333333333,0,51,b
152.33333333299998,36,46,0.333333333333,1,51,b
152.33333333299998,39,48,0.333333333333,1,51,
152.33333333299998,68,65,0.333333333333,0,51,
152.33333333299998,80,72,0.333333333333,0,51,b
152.66666666700002,34,45,0.333333333333,1,51,b
152.66666666700002,39,48,0.333333333333,1,51,
152.66666666700002,70,66,0.333333333333,0,51,
152.66666666700002,82,73,0.333333333333,0,51,b
153.0,32,44,0.333333333333,1,52,
153.0,72,67,0.333333333333,0,52,
153.0,84,74,0.333333333333,0,52,b
153.33333333299998,34,45,0.333333333333,1,52,
153.33333333299998,70,66,0.333333333333,0,52,
153.33333333299998,82,73,0.333333333333,0,52,b
153.66666666700002,36,46,0.333333333333,1,52,
153.66666666700002,68,65,0.333333333333,0,52,
153.66666666700002,80,72,0.333333333333,0,52,b
154.0,37,47,0.333333333333,1,52,
154.0,72,67,0.333333333333,0,52,
154.0,84,74,0.333333333333,0,52,b
154.33333333299998,38,47,0.333333333333,1,52,
154.33333333299998,70,66,0.333333333333,0,52,
154.33333333299998,82,73,0.333333333333,0,52,b
154.66666666700002,39,48,0.333333333333,1,52,
154.66666666700002,68,65,0.333333333333,0,52,
154.66666666700002,80,72,0.333333333333,0,52,b
155.0,40,48,0.333333333333,1,52,
155.0,72,67,0.333333333333,0,52,
155.0,84,74,0.333333333333,0,52,b
155.33333333299998,41,49,0.333333333333,1,52,
155.33333333299998,70,66,0.333333333333,0,52,
155.33333333299998,82,73,0.333333333333,0,52,b
155.66666666700002,38,47,0.333333333333,1,52,
155.66666666700002,68,65,0.333333333333,0,52,
155.66666666700002,80,72,0.333333333333,0,52,b
156.0,39,48,0.333333333333,1,53,
156.0,67,64,0.333333333333,0,53,
156.0,79,71,0.333333333333,0,53,b
156.33333333299998,39,48,0.333333333333,1,53,
156.33333333299998,65,63,0.333333333333,0,53,
156.33333333299998,77,70,0.333333333333,0,53,b
156.66666666700002,41,49,0.333333333333,1,53,
156.66666666700002,63,62,0.333333333333,0,53,
156.66666666700002,75,69,0.333333333333,0,53,b
157.0,43,50,0.333333333333,1,53,
157.0,61,61,0.333333333333,0,53,
157.0,73,68,0.333333333333,0,53,b
157.33333333299998,44,51,0.333333333333,1,53,
157.33333333299998,60,60,0.333333333333,0,53,
157.33333333299998,72,67,0.333333333333,0,53,b
157.66666666700002,46,52,0.333333333333,1,53,
157.66666666700002,58,59,0.333333333333,0,53,
157.66666666700002,70,66,0.333333333333,0,53,b
158.0,48,53,0.333333333333,1,53,
158.0,56,58,0.333333333333,0,53,
158.0,68,65,0.333333333333,0,53,b
158.33333333299998,49,54,0.333333333333,1,53,
158.33333333299998,58,59,0.333333333333,0,53,
158.33333333299998,70,66,0.333333333333,0,53,b
158.66666666700002,51,55,0.333333333333,1,53,
158.66666666700002,55,57,0.333333333333,0,53,
158.66666666700002,67,64,0.333333333333,0,53,b
159.0,44,51,0.5,1,54,
159.0,56,58,0.333333333333,0,54,
159.0,68,65,0.333333333333,0,54,b
159.33333333299998,46,52,0.333333333333,0,54,b
159.66666666700002,43,50,0.333333333333,0,54,b
160.0,44,51,0.333333333333,0,54,b
160.33333333299998,77,70,0.333333333333,0,54,b
160.66666666700002,79,71,0.333333333333,0,54,b
161.0,41,49,0.333333333333,1,54,b
161.0,80,72,0.333333333333,0,54,b
161.33333333299998,43,50,0.333333333333,1,54,b
161.33333333299998,79,71,0.333333333333,0,54,b
161.66666666700002,44,51,0.333333333333,1,54,b
161.66666666700002,77,70,0.333333333333,0,54,b
162.0,46,52,0.333333333333,1,55,b
162.0,75,69,0.333333333333,0,55,b
162.33333333299998,48,53,0.333333333333,1,55,b
162.33333333299998,73,68,0.333333333333,0,55,b
162.66666666700002,49,54,0.333333333333,1,55,b
162.66666666700002,72,67,0.333333333333,0,55,b
163.0,51,55,0.333333333333,1,55,b
163.0,70,66,0.333333333333,0,55,b
163.33333333299998,53,56,0.333333333333,1,55,b
163.33333333299998,68,65,0.333333333333,0,55,b
163.66666666700002,55,57,0.333333333333,1,55,b
163.66666666700002,67,64,0.333333333333,0,55,b
164.0,56,58,0.333333333333,1,55,b
164.0,65,63,0.333333333333,0,55,b
164.33333333299998,58,59,0.333333333333,1,55,b
164.33333333299998,67,64,0.333333333333,0,55,b
164.66666666700002,60,60,0.333333333333,1,55,b
164.66666666700002,64,62,0.333333333333,0,55,b
165.0,53,56,0.5,1,56,b
165.0,65,63,0.333333333333,0,56,b
165.33333333299998,43,50,0.333333333333,0,56,b
165.66666666700002,40,48,0.333333333333,0,56,b
166.0,41,49,0.333333333333,0,56,b
166.33333333299998,73,68,0.333333333333,0,56,b
166.66666666700002,75,69,0.333333333333,0,56,b
167.0,37,47,0.333333333333,1,56,b
167.0,77,70,0.333333333333,0,56,b
167.33333333299998,39,48,0.333333333333,1,56,b
167.33333333299998,75,69,0.333333333333,0,56,b
167.66666666700002,41,49,0.333333333333,1,56,b
167.66666666700002,73,68,0.333333333333,0,56,b
168.0,42,50,0.333333333333,1,57,b
168.0,72,67,0.333333333333,0,57,b
168.33333333299998,44,51,0.333333333333,1,57,b
168.33333333299998,70,66,0.333333333333,0,57,b
168.66666666700002,46,52,0.333333333333,1,57,b
168.66666666700002,68,65,0.333333333333,0,57,b
169.0,48,53,0.333333333333,1,57,b
169.0,66,64,0.333333333333,0,57,b
169.33333333299998,49,54,0.333333333333,1,57,b
169.33333333299998,65,63,0.333333333333,0,57,b
169.66666666700002,51,55,0.333333333333,1,57,b
169.66666666700002,63,62,0.333333333333,0,57,b
170.0,53,56,0.333333333333,1,57,b
170.0,61,61,0.333333333333,0,57,b
170.33333333299998,54,57,0.333333333333,1,57,b
170.33333333299998,63,62,0.333333333333,0,57,b
170.66666666700002,56,58,0.333333333333,1,57,b
170.66666666700002,60,60,0.333333333333,0,57,b
171.0,49,54,0.333333333333,1,58,b
171.0,61,61,0.5,0,58,b
171.33333333299998,39,48,0.333333333333,1,58,b
171.66666666700002,36,46,0.333333333333,1,58,b
172.0,37,47,0.5,1,58,b
174.0,53,56,1.0,0,59,
174.0,65,63,1.0,0,59,
174.33333333299996,39,48,0.333333333333,1,59,b
174.66666666700004,36,46,0.333333333333,1,59,b
175.0,37,47,0.5,1,59,b
177.0,58,59,1.0,0,60,
177.0,65,63,1.0,0,60,
177.0,70,66,1.0,0,60,
177.33333333299996,51,55,0.333333333333,1,60,b
177.66666666700004,48,53,0.333333333333,1,60,b
178.0,49,54,0.5,1,60,b
180.0,59,59,1.0,0,61,
180.0,65,63,1.0,0,61,
180.0,71,66,1.0,0,61,
180.33333333299998,39,48,0.333333333333,1,61,b
180.66666666700002,36,46,0.333333333333,1,61,b
181.0,37,47,0.5,1,61,b
183.0,36,46,1.0,1,62,
183.0,60,60,0.333333333333,0,62,b
183.0,64,62,0.333333333333,0,62,
183.0,72,67,0.333333333333,0,62,
183.33333333299998,61,61,0.333333333333,0,62,b
183.66666666700002,59,59,0.333333333333,0,62,b
184.0,60,60,0.333333333333,0,62,b
184.33333333299998,73,68,0.333333333333,0,62,b
184.66666666700002,71,66,0.333333333333,0,62,b
185.0,72,67,0.333333333333,0,62,b
185.33333333299998,85,75,0.333333333333,0,62,b
185.66666666700002,83,73,0.333333333333,0,62,b
186.0,84,74,0.333333333333,0,63,b
186.33333333299998,85,75,0.333333333333,0,63,b
186.66666666700002,83,73,0.333333333333,0,63,b
187.0,84,74,0.333333333333,0,63,b
187.33333333299998,85,75,0.333333333333,0,63,b
187.66666666700002,83,73,0.333333333333,0,63,b
188.0,84,74,0.333333333333,0,63,b
188.33333333299998,85,75,0.333333333333,0,63,b
188.66666666700002,83,73,0.333333333333,0,63,b
189.0,84,74,1.0,0,64,b
191.0,84,74,0.333333333333,0,64,b
191.33333333299998,85,75,0.333333333333,0,64,b
191.66666666700002,83,73,0.333333333333,0,64,b
192.0,84,74,1.0,0,65,b
194.0,84,74,0.333333333333,0,65,b
194.33333333299998,85,75,0.333333333333,0,65,b
194.66666666700002,83,73,0.333333333333,0,65,b
195.0,36,46,0.333333333333,1,66,b
195.0,84,74,1.0,0,66,b
195.33333333299998,37,47,0.333333333333,1,66,b
195.66666666700002,35,45,0.333333333333,1,66,b
196.0,36,46,0.333333333333,1,66,b
196.33333333299998,37,47,0.333333333333,1,66,b
196.66666666700002,35,45,0.333333333333,1,66,b
197.0,36,46,0.333333333333,1,66,b
197.33333333299998,37,47,0.333333333333,1,66,b
197.66666666700002,35,45,0.333333333333,1,66,b
198.0,36,46,0.333333333333,1,67,b
198.33333333299998,37,47,0.333333333333,1,67,b
198.66666666700002,35,45,0.333333333333,1,67,b
199.0,36,46,0.333333333333,1,67,b
199.33333333299998,37,47,0.333333333333,1,67,b
199.66666666700002,35,45,0.333333333333,1,67,b
200.0,36,46,0.333333333333,1,67,b
200.33333333299998,38,47,0.333333333333,1,67,b
200.66666666700002,35,45,0.333333333333,1,67,b
201.0,36,46,0.333333333333,1,68,b
201.33333333299998,38,47,0.333333333333,1,68,b
201.66666666700002,35,45,0.333333333333,1,68,b
202.0,36,46,0.333333333333,1,68,b
202.33333333299998,38,47,0.333333333333,1,68,b
202.66666666700002,35,45,0.333333333333,1,68,b
203.0,36,46,0.333333333333,1,68,b
203.33333333299998,38,47,0.333333333333,1,68,b
203.66666666700002,33,44,0.333333333333,1,68,b
204.0,34,45,0.333333333333,1,69,b
204.33333333299998,36,46,0.333333333333,1,69,b
204.66666666700002,33,44,0.333333333333,1,69,b
205.0,34,45,0.333333333333,1,69,b
205.33333333299998,38,47,0.333333333333,1,69,b
205.66666666700002,36,46,0.333333333333,1,69,b
206.0,34,45,0.333333333333,1,69,b
206.0,48,53,0.75,0,69,a
206.33333333299998,33,44,0.333333333333,1,69,b
206.66666666700002,31,43,0.333333333333,1,69,b
206.75,52,55,0.25,0,69,a
207.0,29,42,1.5,1,70,b
207.0,41,49,1.0,1,70,
207.0,45,51,1.0,0,70,
207.0,53,56,2.0,0,70,a
208.0,46,52,0.5,0,70,
209.0,60,60,0.75,0,70,a
209.75,64,62,0.25,0,70,a
210.0,45,51,1.0,1,71,
210.0,53,56,1.5,1,71,
210.0,60,60,1.0,0,71,
210.0,65,63,2.0,0,71,a
211.0,46,52,0.5,1,71,
211.0,62,61,0.5,0,71,
212.0,72,67,0.75,0,71,a
212.75,77,70,0.25,0,71,a
213.0,60,60,2.0,1,72,
213.0,65,63,0.75,1,72,
213.0,81,72,1.75,0,72,a
213.75,69,65,0.25,1,72,
214.0,72,67,0.75,1,72,
214.75,69,65,0.25,1,72,
214.75,77,70,0.25,0,72,a
215.0,60,60,1.0,1,72,
215.0,70,66,0.75,1,72,
215.0,79,71,0.75,0,72,a
215.75,67,64,0.25,1,72,
215.75,76,69,0.25,0,72,a
216.0,65,63,1.0,1,73,
216.0,69,65,1.0,1,73,
216.0,77,70,1.0,0,73,a
218.0,48,53,0.25,0,73,a
218.0,50,54,0.0,0,73,
218.25,47,52,0.25,0,73,a
218.5,48,53,0.25,0,73,a
218.75,52,55,0.25,0,73,a
219.0,29,42,1.5,1,74,
219.0,41,49,1.0,1,74,
219.0,55,57,0.5,0,74,a
219.5,53,56,1.5,0,74,a
220.0,45,51,0.5,0,74,
220.5,46,52,0.5,0,74,
221.0,60,60,0.25,0,74,a
221.0,62,61,0.0,0,74,
221.25,59,59,0.25,0,74,a
221.5,60,60,0.25,0,74,a
221.75,64,62,0.25,0,74,a
222.0,45,51,1.0,1,75,
222.0,53,56,1.5,1,75,
222.0,67,64,0.5,0,75,a
222.5,65,63,1.5,0,75,a
223.0,46,52,0.5,1,75,
223.0,61,60,0.5,0,75,
223.5,62,61,0.5,0,75,
224.0,72,67,0.25,0,75,a
224.0,74,68,0.0,0,75,
224.25,71,66,0.25,0,75,a
224.5,72,67,0.25,0,75,a
224.75,77,70,0.25,0,75,a
225.0,60,60,2.0,1,76,
225.0,65,63,0.25,1,76,
225.0,67,64,0.0,1,76,
225.0,81,72,1.25,0,76,a
225.25,64,62,0.25,1,76,
225.5,65,63,0.25,1,76,
225.75,69,65,0.25,1,76,
226.0,72,67,0.75,1,76,
226.25,80,71,0.25,0,76,a
226.5,81,72,0.25,0,76,a
226.75,69,65,0.25,1,76,
226.75,77,70,0.25,0,76,a
227.0,60,60,1.0,1,76,
227.0,70,66,0.75,1,76,
227.0,79,71,0.25,0,76,a
227.0,81,72,0.0,0,76,
227.25,78,70,0.25,0,76,a
227.5,79,71,0.25,0,76,a
227.75,67,64,0.25,1,76,
227.75,76,69,0.25,0,76,a
228.0,65,63,1.0,1,77,
228.0,69,65,1.0,1,77,
228.0,77,70,1.0,0,77,a
230.0,53,56,0.75,0,77,a
230.75,57,58,0.25,0,77,a
231.0,41,49,1.0,1,78,
231.0,41,49,3.0,1,78,
231.0,61,60,1.0,0,78,a
232.0,46,52,1.0,1,78,
232.0,62,61,1.75,0,78,a
233.0,43,50,1.0,1,78,
233.0,52,55,1.0,1,78,
233.75,59,59,0.25,0,78,a
234.0,41,49,1.5,1,79,
234.0,45,51,1.5,1,79,
234.0,60,60,0.75,0,79,a
234.75,57,58,0.25,0,79,a
235.0,45,51,0.5,1,79,
235.0,48,53,0.5,1,79,
235.0,53,56,0.5,0,79,a
236.0,65,63,0.75,0,79,a
236.75,69,65,0.25,0,79,a
237.0,53,56,1.0,1,80,
237.0,53,56,3.0,1,80,
237.0,73,67,1.0,0,80,a
238.0,58,59,1.0,1,80,
238.0,74,68,1.75,0,80,a
239.0,55,57,1.0,1,80,
239.0,64,62,1.0,1,80,
239.75,71,66,0.25,0,80,a
240.0,53,56,1.5,1,81,
240.0,57,58,1.5,1,81,
240.0,72,67,0.75,0,81,a
240.75,69,65,0.25,0,81,a
241.0,57,58,0.5,1,81,
241.0,60,60,0.5,1,81,
241.0,65,63,0.5,0,81,a
242.0,77,70,0.75,0,81,a
242.75,81,72,0.25,0,81,a
243.0,85,74,1.0,0,82,a
244.0,65,63,1.0,1,82,
244.0,70,66,1.75,1,82,
244.0,74,68,1.0,0,82,
244.0,86,75,2.75,0,82,a
245.0,67,64,0.75,1,82,
245.0,70,66,0.75,1,82,
245.0,74,68,0.75,0,82,
245.0,86,75,0.75,0,82,
245.75,65,63,0.25,1,82,
245.75,67,64,0.25,1,82,
245.75,74,68,0.25,0,82,
245.75,83,73,0.25,0,82,a
246.0,64,62,0.75,1,83,
246.0,67,64,0.75,1,83,
246.0,72,67,0.75,0,83,
246.0,84,74,0.75,0,83,a
246.75,65,63,0.25,1,83,
246.75,69,65,0.25,1,83,
246.75,69,65,0.25,0,83,
246.75,81,72,0.25,0,83,a
247.0,62,61,1.0,1,83,
247.0,65,63,1.0,1,83,
247.0,70,66,1.75,0,83,
247.0,82,73,1.0,0,83,a
248.0,64,62,0.75,1,83,
248.0,67,64,0.75,1,83,
248.75,62,61,0.25,1,83,
248.75,65,63,0.25,1,83,
248.75,70,66,0.25,0,83,
248.75,79,71,0.25,0,83,a
249.0,61,60,0.75,1,84,
249.0,64,62,0.75,1,84,
249.0,69,65,0.75,0,84,
249.0,81,72,0.75,0,84,a
249.75,62,61,0.25,1,84,
249.75,65,63,0.25,1,84,
249.75,69,65,0.25,0,84,
249.75,77,70,0.25,0,84,a
250.0,58,59,2.0,1,84,
250.0,62,61,1.75,1,84,
250.0,67,64,1.0,0,84,
250.0,79,71,1.75,0,84,a
251.0,62,61,0.75,1,84,
251.0,70,66,1.0,0,84,
251.0,79,71,0.75,0,84,
251.75,67,64,0.25,1,84,
251.75,74,68,0.25,0,84,a
252.0,60,60,1.0,1,85,
252.0,67,64,0.75,1,85,
252.0,70,66,1.0,0,85,
252.0,76,69,0.75,0,85,a
252.75,64,62,0.25,1,85,
252.75,79,71,0.25,0,85,a
253.0,53,56,0.5,1,85,
253.0,65,63,0.5,1,85,
253.0,69,65,0.5,0,85,
253.0,77,70,0.5,0,85,a
254.0,53,56,0.25,1,85,a
254.0,55,57,0.0,1,85,
254.25,52,55,0.25,1,85,a
254.5,53,56,0.25,1,85,a
254.75,57,58,0.25,1,85,a
255.0,41,49,1.0,1,86,
255.0,41,49,3.0,1,86,
255.0,61,60,0.5,0,86,a
255.5,62,61,1.0,0,86,a
256.0,46,52,1.0,1,86,
256.5,62,61,0.75,0,86,a
257.0,43,50,1.0,1,86,
257.0,52,55,1.0,1,86,
257.25,61,60,0.25,0,86,a
257.5,62,61,0.25,0,86,a
257.75,59,59,0.25,0,86,a
258.0,41,49,1.5,1,87,
258.0,45,51,1.5,1,87,
258.0,60,60,0.25,0,87,a
258.0,62,61,0.0,0,87,
258.25,59,59,0.25,0,87,a
258.5,60,60,0.25,0,87,a
258.75,57,58,0.25,0,87,a
259.0,45,51,0.5,1,87,
259.0,48,53,0.5,1,87,
259.0,53,56,0.25,0,87,a
259.25,64,62,0.25,0,87,a
259.5,65,63,0.25,0,87,a
259.75,64,62,0.25,0,87,a
260.0,65,63,0.25,0,87,a
260.0,67,64,0.0,0,87,
260.25,64,62,0.25,0,87,a
260.5,65,63,0.25,0,87,a
260.75,69,65,0.25,0,87,a
261.0,53,56,1.0,1,88,
261.0,53,56,3.0,1,88,
261.0,73,67,0.25,0,88,a
261.25,74,68,0.5,0,88,a
261.75,74,68,0.5,0,88,a
262.0,58,59,1.0,1,88,
262.25,74,68,0.5,0,88,a
262.75,74,68,0.5,0,88,a
263.0,55,57,1.0,1,88,
263.0,64,62,1.0,1,88,
263.25,73,67,0.25,0,88,a
263.5,74,68,0.25,0,88,a
263.75,71,66,0.25,0,88,a
264.0,53,56,1.5,1,89,
264.0,57,58,1.5,1,89,
264.0,72,67,0.25,0,89,a
264.0,74,68,0.0,0,89,
264.25,71,66,0.25,0,89,a
264.5,72,67,0.25,0,89,a
264.75,69,65,0.25,0,89,a
265.0,57,58,0.5,1,89,
265.0,60,60,0.5,1,89,
265.0,65,63,0.25,0,89,a
265.25,76,69,0.25,0,89,a
265.5,77,70,0.25,0,89,a
265.75,76,69,0.25,0,89,a
266.0,77,70,0.25,0,89,a
266.0,79,71,0.0,0,89,
266.25,76,69,0.25,0,89,a
266.5,77,70,0.25,0,89,a
266.75,81,72,0.25,0,89,a
267.0,85,74,0.25,0,90,a
267.25,86,75,0.5,0,90,a
267.75,86,75,0.5,0,90,a
268.0,65,63,1.75,1,90,
268.0,70,66,1.0,1,90,
268.0,74,68,2.0,1,90,
268.25,86,75,0.5,0,90,a
268.75,86,75,0.25,0,90,a
269.0,67,64,0.75,1,90,
269.0,70,66,0.75,1,90,
269.0,86,75,0.25,0,90,
269.0,88,76,0.0,0,90,
269.25,85,74,0.25,0,90,a
269.5,86,75,0.25,0,90,a
269.75,65,63,0.25,1,90,
269.75,67,64,0.25,1,90,
269.75,83,73,0.25,0,90,a
270.0,64,62,0.75,1,91,
270.0,67,64,0.75,1,91,
270.0,72,67,1.0,1,91,
270.0,84,74,0.25,0,91,a
270.0,86,75,0.0,0,91,
270.25,83,73,0.25,0,91,a
270.5,84,74,0.25,0,91,a
270.75,65,63,0.25,1,91,
270.75,69,65,0.25,1,91,
270.75,81,72,0.25,0,91,a
271.0,62,61,1.0,1,91,
271.0,65,63,1.0,1,91,
271.0,70,66,2.0,1,91,
271.0,82,73,0.25,0,91,a
271.25,82,73,0.5,0,91,a
271.75,82,73,0.25,0,91,a
272.0,64,62,0.75,1,91,
272.0,67,64,0.75,1,91,
272.0,82,73,0.25,0,91,a
272.25,81,72,0.25,0,91,a
272.5,82,73,0.25,0,91,a
272.75,62,61,0.25,1,91,
272.75,65,63,0.25,1,91,
272.75,80,71,0.25,0,91,a
273.0,61,60,0.75,1,92,
273.0,64,62,0.75,1,92,
273.0,69,65,1.0,1,92,
273.0,81,72,0.25,0,92,a
273.0,82,73,0.0,0,92,
273.25,80,71,0.25,0,92,a
273.5,81,72,0.25,0,92,a
273.75,62,61,0.25,1,92,
273.75,65,63,0.25,1,92,
273.75,77,70,0.25,0,92,a
274.0,58,59,2.0,1,92,
274.0,62,61,1.0,1,92,
274.0,67,64,1.0,1,92,
274.0,79,71,0.25,0,92,a
274.25,79,71,0.5,0,92,a
274.75,79,71,0.25,0,92,a
275.0,62,61,0.75,1,92,
275.0,79,71,0.25,0,92,a
275.0,81,72,0.0,0,92,
275.25,78,70,0.25,0,92,a
275.5,79,71,0.25,0,92,a
275.75,67,64,0.25,1,92,
275.75,74,68,0.25,0,92,a
276.0,60,60,1.0,1,93,
276.0,67,64,0.75,1,93,
276.0,70,66,1.0,0,93,
276.0,76,69,0.25,0,93,a
276.0,77,70,0.0,0,93,
276.25,74,68,0.25,0,93,a
276.5,76,69,0.25,0,93,a
276.75,64,62,0.25,1,93,
276.75,79,71,0.25,0,93,a
277.0,53,56,0.5,1,93,
277.0,65,63,0.5,1,93,
277.0,69,65,0.5,0,93,
277.0,77,70,0.5,0,93,a
278.0,36,46,0.333333333333,1,93,
278.0,48,53,0.333333333333,1,93,b
278.333333333,48,53,0.333333333333,1,93,
278.333333333,60,60,0.333333333333,1,93,b
278.666666667,47,52,0.333333333333,1,93,
278.666666667,59,59,0.333333333333,1,93,b
279.0,48,53,0.333333333333,1,94,
279.0,60,60,0.333333333333,1,94,b
279.333333333,46,52,0.333333333333,1,94,
279.333333333,58,59,0.333333333333,1,94,b
279.666666667,45,51,0.333333333333,1,94,
279.666666667,57,58,0.333333333333,1,94,b
280.0,43,50,0.333333333333,1,94,
280.0,55,57,0.333333333333,1,94,b
280.333333333,45,51,0.333333333333,1,94,
280.333333333,57,58,0.333333333333,1,94,b
280.666666667,46,52,0.333333333333,1,94,
280.666666667,58,59,0.333333333333,1,94,b
281.0,45,51,0.333333333333,1,94,
281.0,57,58,0.333333333333,1,94,b
281.0,60,60,0.333333333333,0,94,
281.0,72,67,0.333333333333,0,94,b
281.333333333,45,51,0.333333333333,1,94,
281.333333333,57,58,0.333333333333,1,94,b
281.333333333,72,67,0.333333333333,0,94,
281.333333333,84,74,0.333333333333,0,94,b
281.666666667,44,50,0.333333333333,1,94,
281.666666667,56,57,0.333333333333,1,94,b
281.666666667,71,66,0.333333333333,0,94,
281.666666667,83,73,0.333333333333,0,94,b
282.0,45,51,0.333333333333,1,95,
282.0,57,58,0.333333333333,1,95,b
282.0,72,67,0.333333333333,0,95,
282.0,84,74,0.333333333333,0,95,b
282.333333333,46,52,0.333333333333,1,95,
282.333333333,58,59,0.333333333333,1,95,b
282.333333333,70,66,0.333333333333,0,95,
282.333333333,82,73,0.333333333333,0,95,b
282.666666667,48,53,0.333333333333,1,95,
282.666666667,60,60,0.333333333333,1,95,b
282.666666667,69,65,0.333333333333,0,95,
282.666666667,81,72,0.333333333333,0,95,b
283.0,46,52,0.333333333333,1,95,
283.0,58,59,0.333333333333,1,95,b
283.0,67,64,0.333333333333,0,95,
283.0,79,71,0.333333333333,0,95,b
283.333333333,45,51,0.333333333333,1,95,
283.333333333,57,58,0.333333333333,1,95,b
283.333333333,69,65,0.333333333333,0,95,
283.333333333,81,72,0.333333333333,0,95,b
283.666666667,43,50,0.333333333333,1,95,
283.666666667,55,57,0.333333333333,1,95,b
283.666666667,70,66,0.333333333333,0,95,
283.666666667,82,73,0.333333333333,0,95,b
284.0,41,49,0.333333333333,1,95,
284.0,53,56,0.333333333333,1,95,b
284.0,69,65,0.333333333333,0,95,
284.0,81,72,0.333333333333,0,95,b
284.333333333,43,50,0.333333333333,1,95,
284.333333333,55,57,0.333333333333,1,95,b
284.333333333,67,64,0.333333333333,0,95,
284.333333333,79,71,0.333333333333,0,95,b
284.666666667,45,51,0.333333333333,1,95,
284.666666667,57,58,0.333333333333,1,95,b
284.666666667,65,63,0.333333333333,0,95,
284.666666667,77,70,0.333333333333,0,95,b
285.0,43,50,0.333333333333,1,96,
285.0,55,57,0.333333333333,1,96,b
285.0,64,62,0.333333333333,0,96,
285.0,76,69,0.333333333333,0,96,b
285.333333333,41,49,0.333333333333,1,96,
285.333333333,53,56,0.333333333333,1,96,b
285.333333333,65,63,0.333333333333,0,96,
285.333333333,77,70,0.333333333333,0,96,b
285.666666667,40,48,0.333333333333,1,96,
285.666666667,52,55,0.333333333333,1,96,b
285.666666667,67,64,0.333333333333,0,96,
285.666666667,79,71,0.333333333333,0,96,b
286.0,38,47,0.333333333333,1,96,
286.0,50,54,0.333333333333,1,96,b
286.0,65,63,0.333333333333,0,96,
286.0,77,70,0.333333333333,0,96,b
286.333333333,40,48,0.333333333333,1,96,
286.333333333,52,55,0.333333333333,1,96,b
286.333333333,64,62,0.333333333333,0,96,
286.333333333,76,69,0.333333333333,0,96,b
286.666666667,41,49,0.333333333333,1,96,
286.666666667,53,56,0.333333333333,1,96,b
286.666666667,62,61,0.333333333333,0,96,
286.666666667,74,68,0.333333333333,0,96,b
287.0,40,48,0.333333333333,1,96,
287.0,52,55,0.333333333333,1,96,b
287.0,61,60,0.333333333333,0,96,
287.0,73,67,0.333333333333,0,96,b
287.333333333,38,47,0.333333333333,1,96,
287.333333333,50,54,0.333333333333,1,96,b
287.333333333,62,61,0.333333333333,0,96,
287.333333333,74,68,0.333333333333,0,96,b
287.666666667,36,46,0.333333333333,1,96,
287.666666667,48,53,0.333333333333,1,96,b
287.666666667,64,62,0.333333333333,0,96,
287.666666667,76,69,0.333333333333,0,96,b
288.0,34,45,0.333333333333,1,97,
288.0,46,52,0.333333333333,1,97,
288.0,62,61,0.333333333333,0,97,
288.0,74,68,0.333333333333,0,97,b
288.333333333,33,44,0.333333333333,1,97,
288.333333333,45,51,0.333333333333,1,97,
288.333333333,60,60,0.333333333333,0,97,
288.333333333,72,67,0.333333333333,0,97,b
288.666666667,34,45,0.333333333333,1,97,
288.666666667,46,52,0.333333333333,1,97,
288.666666667,58,59,0.333333333333,0,97,
288.666666667,70,66,0.333333333333,0,97,b
289.0,34,45,0.333333333333,1,97,
289.0,47,52,0.333333333333,1,97,
289.0,57,58,0.333333333333,0,97,
289.0,69,65,0.333333333333,0,97,b
289.333333333,33,44,0.333333333333,1,97,
289.333333333,45,51,0.333333333333,1,97,
289.333333333,55,57,0.333333333333,0,97,
289.333333333,67,64,0.333333333333,0,97,b
289.666666667,34,45,0.333333333333,1,97,
289.666666667,47,52,0.333333333333,1,97,
289.666666667,53,56,0.333333333333,0,97,
289.666666667,65,63,0.333333333333,0,97,b
290.0,36,46,0.5,1,97,
290.0,48,53,0.5,1,97,
290.0,52,55,0.333333333333,0,97,
290.0,64,62,0.333333333333,0,97,b
290.333333333,53,56,0.333333333333,0,97,
290.333333333,65,63,0.333333333333,0,97,b
290.666666667,50,54,0.333333333333,0,97,
290.666666667,62,61,0.333333333333,0,97,b
291.0,48,53,0.333333333333,0,98,
291.0,60,60,0.333333333333,0,98,b
291.333333333,50,54,0.333333333333,0,98,
291.333333333,62,61,0.333333333333,0,98,b
291.666666667,52,55,0.333333333333,0,98,
291.666666667,64,62,0.333333333333,0,98,b
292.0,53,56,0.333333333333,0,98,
292.0,65,63,0.333333333333,0,98,b
292.333333333,55,57,0.333333333333,0,98,
292.333333333,67,64,0.333333333333,0,98,b
292.666666667,52,55,0.333333333333,0,98,
292.666666667,64,62,0.333333333333,0,98,b
293.0,50,54,0.333333333333,0,98,
293.0,62,61,0.333333333333,0,98,b
293.333333333,52,55,0.333333333333,0,98,
293.333333333,64,62,0.333333333333,0,98,b
293.666666667,53,56,0.333333333333,0,98,
293.666666667,65,63,0.333333333333,0,98,b
294.0,40,48,0.333333333333,1,99,
294.0,52,55,0.333333333333,1,99,
294.0,55,57,0.333333333333,0,99,
294.0,67,64,0.333333333333,0,99,b
294.333333333,41,49,0.333333333333,1,99,
294.333333333,53,56,0.333333333333,1,99,
294.333333333,57,58,0.333333333333,0,99,
294.333333333,69,65,0.333333333333,0,99,b
294.666666667,38,47,0.333333333333,1,99,
294.666666667,50,54,0.333333333333,1,99,
294.666666667,53,56,0.333333333333,0,99,
294.666666667,65,63,0.333333333333,0,99,b
295.0,36,46,0.333333333333,1,99,
295.0,48,53,0.333333333333,1,99,
295.0,52,55,0.333333333333,0,99,
295.0,64,62,0.333333333333,0,99,b
295.333333333,38,47,0.333333333333,1,99,
295.333333333,50,54,0.333333333333,1,99,
295.333333333,53,56,0.333333333333,0,99,
295.333333333,65,63,0.333333333333,0,99,b
295.666666667,40,48,0.333333333333,1,99,
295.666666667,52,55,0.333333333333,1,99,
295.666666667,55,57,0.333333333333,0,99,
295.666666667,67,64,0.333333333333,0,99,b
296.0,41,49,0.333333333333,1,99,
296.0,53,56,0.333333333333,1,99,
296.0,57,58,0.333333333333,0,99,
296.0,69,65,0.333333333333,0,99,b
296.333333333,43,50,0.333333333333,1,99,
296.333333333,55,57,0.333333333333,1,99,
296.333333333,58,59,0.333333333333,0,99,
296.333333333,70,66,0.333333333333,0,99,b
296.666666667,40,48,0.333333333333,1,99,
296.666666667,52,55,0.333333333333,1,99,
296.666666667,55,57,0.333333333333,0,99,
296.666666667,67,64,0.333333333333,0,99,b
297.0,38,47,0.333333333333,1,100,
297.0,50,54,0.333333333333,1,100,
297.0,53,56,0.333333333333,0,100,
297.0,65,63,0.333333333333,0,100,b
297.333333333,40,48,0.333333333333,1,100,
297.333333333,52,55,0.333333333333,1,100,
297.333333333,55,57,0.333333333333,0,100,
297.333333333,67,64,0.333333333333,0,100,b
297.666666667,41,49,0.333333333333,1,100,
297.666666667,53,56,0.333333333333,1,100,
297.666666667,57,58,0.333333333333,0,100,
297.666666667,69,65,0.333333333333,0,100,b
298.0,43,50,0.333333333333,1,100,
298.0,55,57,0.333333333333,1,100,
298.0,58,59,0.333333333333,0,100,
298.0,70,66,0.333333333333,0,100,b
298.333333333,45,51,0.333333333333,1,100,
298.333333333,57,58,0.333333333333,1,100,
298.333333333,60,60,0.333333333333,0,100,
298.333333333,72,67,0.333333333333,0,100,b
298.666666667,46,52,0.333333333333,1,100,
298.666666667,58,59,0.333333333333,1,100,
298.666666667,62,61,0.333333333333,0,100,
298.666666667,74,68,0.333333333333,0,100,b
299.0,48,53,0.333333333333,1,100,
299.0,60,60,0.333333333333,1,100,
299.0,64,62,0.333333333333,0,100,
299.0,76,69,0.333333333333,0,100,b
299.333333333,50,54,0.333333333333,1,100,
299.333333333,62,61,0.333333333333,1,100,
299.333333333,65,63,0.333333333333,0,100,
299.333333333,77,70,0.333333333333,0,100,b
299.666666667,52,55,0.333333333333,1,100,
299.666666667,64,62,0.333333333333,1,100,
299.666666667,67,64,0.333333333333,0,100,
299.666666667,79,71,0.333333333333,0,100,b
300.0,53,56,0.333333333333,1,101,
300.0,65,63,0.333333333333,1,101,
300.0,69,65,0.333333333333,0,101,
300.0,81,72,0.333333333333,0,101,b
300.333333333,55,57,0.333333333333,1,101,
300.333333333,67,64,0.333333333333,1,101,
300.333333333,70,66,0.333333333333,0,101,
300.333333333,82,73,0.333333333333,0,101,b
300.666666667,64,62,0.333333333333,1,101,
300.666666667,70,66,0.333333333333,0,101,
300.666666667,82,73,0.333333333333,0,101,b
301.0,60,60,0.333333333333,1,101,
301.0,70,66,0.333333333333,0,101,
301.0,82,73,0.333333333333,0,101,
301.333333333,55,57,0.333333333333,1,101,
301.333333333,70,66,0.333333333333,0,101,
301.333333333,82,73,0.333333333333,0,101,
301.666666667,52,55,0.333333333333,1,101,
301.666666667,70,66,0.333333333333,0,101,
301.666666667,82,73,0.333333333333,0,101,
302.0,48,53,0.333333333333,1,101,
302.0,70,66,0.333333333333,0,101,
302.0,82,73,0.333333333333,0,101,
302.333333333,43,50,0.333333333333,1,101,
302.333333333,70,66,0.333333333333,0,101,
302.333333333,82,73,0.333333333333,0,101,
302.666666667,40,48,0.333333333333,1,101,
302.666666667,70,66,0.333333333333,0,101,
302.666666667,82,73,0.333333333333,0,101,
303.0,36,46,0.333333333333,1,102,
303.0,70,66,0.333333333333,0,102,
303.0,76,69,0.333333333333,0,102,
303.0,79,71,0.333333333333,0,102,
303.0,82,73,0.333333333333,0,102,
303.333333333,40,48,0.333333333333,1,102,
303.333333333,70,66,0.333333333333,0,102,
303.333333333,76,69,0.333333333333,0,102,
303.333333333,79,71,0.333333333333,0,102,
303.333333333,82,73,0.333333333333,0,102,
303.666666667,43,50,0.333333333333,1,102,
303.666666667,70,66,0.333333333333,0,102,
303.666666667,76,69,0.333333333333,0,102,
303.666666667,79,71,0.333333333333,0,102,
303.666666667,82,73,0.333333333333,0,102,
304.0,48,53,0.333333333333,1,102,
304.0,70,66,0.333333333333,0,102,
304.0,76,69,0.333333333333,0,102,
304.0,79,71,0.333333333333,0,102,
304.0,82,73,0.333333333333,0,102,
304.333333333,43,50,0.333333333333,1,102,
304.333333333,70,66,0.333333333333,0,102,
304.333333333,76,69,0.333333333333,0,102,
304.333333333,79,71,0.333333333333,0,102,
304.333333333,82,73,0.333333333333,0,102,
304.666666667,40,48,0.333333333333,1,102,
304.666666667,70,66,0.333333333333,0,102,
304.666666667,76,69,0.333333333333,0,102,
304.666666667,79,71,0.333333333333,0,102,
304.666666667,82,73,0.333333333333,0,102,
305.0,36,46,0.333333333333,1,102,
305.0,70,66,0.333333333333,0,102,
305.0,76,69,0.333333333333,0,102,
305.0,79,71,0.333333333333,0,102,
305.0,82,73,0.333333333333,0,102,
305.333333333,40,48,0.333333333333,1,102,
305.333333333,70,66,0.333333333333,0,102,
305.333333333,76,69,0.333333333333,0,102,
305.333333333,79,71,0.333333333333,0,102,
305.333333333,82,73,0.333333333333,0,102,
305.666666667,43,50,0.333333333333,1,102,
305.666666667,70,66,0.333333333333,0,102,
305.666666667,76,69,0.333333333333,0,102,
305.666666667,79,71,0.333333333333,0,102,
305.666666667,82,73,0.333333333333,0,102,
306.0,36,46,3.0,1,103,
306.0,48,53,3.0,1,103,
306.0,70,66,3.0,0,103,
306.0,76,69,3.0,0,103,
306.0,79,71,3.0,0,103,
306.0,82,73,3.0,0,103,
309.0,34,45,0.333333333333,1,104,
309.333333333,40,48,0.333333333333,1,104,
309.666666667,43,50,0.333333333333,1,104,
310.0,46,52,0.333333333333,1,104,
310.0,48,53,0.333333333333,0,104,
310.0,52,55,0.333333333333,0,104,
310.0,55,57,0.333333333333,0,104,
310.0,60,60,0.333333333333,0,104,
310.333333333,43,50,0.333333333333,1,104,
310.333333333,48,53,0.333333333333,0,104,
310.333333333,52,55,0.333333333333,0,104,
310.333333333,55,57,0.333333333333,0,104,
310.333333333,60,60,0.333333333333,0,104,
310.666666667,40,48,0.333333333333,1,104,
310.666666667,48,53,0.333333333333,0,104,
310.666666667,52,55,0.333333333333,0,104,
310.666666667,55,57,0.333333333333,0,104,
310.666666667,60,60,0.333333333333,0,104,
311.0,34,45,0.333333333333,1,104,
311.0,48,53,0.333333333333,0,104,
311.0,52,55,0.333333333333,0,104,
311.0,55,57,0.333333333333,0,104,
311.0,60,60,0.333333333333,0,104,
311.333333333,40,48,0.333333333333,1,104,
311.333333333,48,53,0.333333333333,0,104,
311.333333333,52,55,0.333333333333,0,104,
311.333333333,55,57,0.333333333333,0,104,
311.333333333,60,60,0.333333333333,0,104,
311.666666667,43,50,0.333333333333,1,104,
311.666666667,48,53,0.333333333333,0,104,
311.666666667,52,55,0.333333333333,0,104,
311.666666667,55,57,0.333333333333,0,104,
311.666666667,60,60,0.333333333333,0,104,
312.0,34,45,2.0,1,105,
312.0,46,52,2.0,1,105,
312.0,48,53,2.0,0,105,
312.0,52,55,2.0,0,105,
312.0,55,57,2.0,0,105,
312.0,60,60,2.0,0,105,
314.0,48,53,0.75,0,105,a
314.75,52,55,0.25,0,105,a
315.0,33,44,1.5,1,106,
315.0,41,49,1.0,1,106,
315.0,48,53,1.0,0,106,
315.0,53,56,2.0,0,106,a
316.0,50,54,0.5,0,106,
317.0,60,60,0.75,0,106,a
317.75,64,62,0.25,0,106,a
318.0,48,53,1.0,1,107,
318.0,53,56,1.5,1,107,
318.0,57,58,1.0,0,107,
318.0,65,63,2.0,0,107,a
319.0,49,54,0.5,1,107,
319.0,58,59,0.5,0,107,
320.0,72,67,0.75,0,107,a
320.75,77,70,0.25,0,107,a
321.0,60,60,2.0,1,108,
321.0,65,63,0.75,1,108,
321.0,81,72,1.75,0,108,a
321.75,69,65,0.25,1,108,
322.0,72,67,0.75,1,108,
322.75,69,65,0.25,1,108,
322.75,77,70,0.25,0,108,a
323.0,60,60,1.0,1,108,
323.0,70,66,0.75,1,108,
323.0,79,71,0.75,0,108,a
323.75,67,64,0.25,1,108,
323.75,76,69,0.25,0,108,a
324.0,65,63,1.0,1,109,
324.0,69,65,1.0,1,109,
324.0,77,70,1.0,0,109,a
326.0,48,53,0.25,0,109,a
326.0,50,54,0.0,0,109,
326.25,47,52,0.25,0,109,a
326.5,48,53,0.25,0,109,a
326.75,52,55,0.25,0,109,a
327.0,33,44,1.5,1,110,
327.0,41,49,1.0,1,110,
327.0,55,57,0.25,0,110,a
327.25,53,56,0.25,0,110,a
327.5,52,55,0.25,0,110,a
327.75,53,56,1.25,0,110,a
328.0,49,53,0.25,0,110,
328.0,53,56,1.0,0,110,
328.25,50,54,0.25,0,110,
328.5,49,53,0.25,0,110,
328.75,50,54,0.25,0,110,
329.0,60,60,0.25,0,110,a
329.25,59,59,0.25,0,110,a
329.5,60,60,0.25,0,110,a
329.75,64,62,0.25,0,110,a
330.0,48,53,1.5,1,111,
330.0,53,56,1.0,1,111,
330.0,67,64,0.25,0,111,a
330.25,65,63,0.25,0,111,a
330.5,64,62,0.25,0,111,a
330.75,65,63,1.25,0,111,a
331.0,57,58,0.25,0,111,
331.0,65,63,1.0,0,111,
331.25,58,59,0.25,0,111,
331.5,57,58,0.25,0,111,
331.75,58,59,0.25,0,111,
332.0,72,67,0.25,0,111,a
332.0,74,68,0.0,0,111,
332.25,71,66,0.25,0,111,a
332.5,72,67,0.25,0,111,a
332.75,77,70,0.25,0,111,a
333.0,60,60,2.0,1,112,
333.0,65,63,0.25,1,112,
333.0,67,64,0.0,1,112,
333.0,81,72,1.25,0,112,a
333.25,64,62,0.25,1,112,
333.5,65,63,0.25,1,112,
333.75,69,65,0.25,1,112,
334.0,72,67,0.25,1,112,
334.25,71,66,0.25,1,112,
334.25,80,71,0.25,0,112,a
334.5,72,67,0.25,1,112,
334.5,81,72,0.25,0,112,a
334.75,69,65,0.25,1,112,
334.75,77,70,0.25,0,112,a
335.0,60,60,1.0,1,112,
335.0,70,66,0.25,1,112,
335.0,79,71,0.25,0,112,a
335.0,81,72,0.0,0,112,
335.25,69,65,0.25,1,112,
335.25,78,70,0.25,0,112,a
335.5,70,66,0.25,1,112,
335.5,79,71,0.25,0,112,a
335.75,67,64,0.25,1,112,
335.75,76,69,0.25,0,112,a
336.0,65,63,0.25,1,113,
336.0,69,65,1.0,0,113,
336.0,77,70,1.0,0,113,a
336.25,60,60,0.25,1,113,
336.5,57,58,0.25,1,113,
336.75,60,60,0.25,1,113,
337.0,53,56,0.25,1,113,
337.25,48,53,0.25,1,113,
337.5,45,51,0.25,1,113,
337.75,48,53,0.25,1,113,
338.0,41,49,0.5,1,113,
338.0,53,56,0.75,0,113,a
338.75,57,58,0.25,0,113,a
339.0,41,49,1.0,1,114,
339.0,41,49,3.0,1,114,
339.0,61,60,1.0,0,114,a
340.0,46,52,1.0,1,114,
340.0,62,61,1.75,0,114,a
341.0,43,50,1.0,1,114,
341.0,52,55,1.0,1,114,
341.75,59,59,0.25,0,114,a
342.0,41,49,1.5,1,115,
342.0,45,51,1.5,1,115,
342.0,60,60,0.75,0,115,a
342.75,57,58,0.25,0,115,a
343.0,45,51,0.5,1,115,
343.0,48,53,0.5,1,115,
343.0,53,56,0.5,0,115,a
344.0,65,63,0.25,0,115,a
344.0,67,64,0.0,0,115,
344.25,64,62,0.25,0,115,a
344.5,65,63,0.25,0,115,a
344.75,69,65,0.25,0,115,a
345.0,53,56,1.0,1,116,
345.0,53,56,3.0,1,116,
345.0,73,67,0.5,0,116,a
345.5,74,68,1.0,0,116,a
346.0,58,59,1.0,1,116,
346.5,74,68,0.75,0,116,a
347.0,55,57,1.0,1,116,
347.0,64,62,1.0,1,116,
347.25,73,67,0.25,0,116,a
347.5,74,68,0.25,0,116,a
347.75,71,66,0.25,0,116,a
348.0,53,56,1.5,1,117,
348.0,57,58,1.0,1,117,
348.0,72,67,0.25,0,117,a
348.0,74,68,0.0,0,117,
348.25,71,66,0.25,0,117,a
348.5,72,67,0.25,0,117,a
348.75,69,65,0.25,0,117,a
349.0,57,58,0.5,1,117,
349.0,60,60,0.5,1,117,
349.0,65,63,0.5,0,117,a
350.0,77,70,0.25,0,117,a
350.0,79,71,0.0,0,117,
350.25,76,69,0.25,0,117,a
350.5,77,70,0.25,0,117,a
350.75,81,72,0.25,0,117,a
351.0,74,68,3.0,1,118,
351.0,85,74,0.25,0,118,a
351.25,86,75,0.25,0,118,a
351.5,86,75,0.25,0,118,a
351.75,86,75,0.25,0,118,a
352.0,65,63,1.75,1,118,
352.0,70,66,1.0,1,118,
352.0,86,75,0.25,0,118,a
352.25,86,75,0.25,0,118,a
352.5,86,75,0.25,0,118,a
352.75,86,75,0.25,0,118,a
353.0,67,64,0.75,1,118,
353.0,70,66,0.75,1,118,
353.0,86,75,0.25,0,118,a
353.0,88,76,0.0,0,118,
353.25,85,74,0.25,0,118,a
353.5,86,75,0.25,0,118,a
353.75,65,63,0.25,1,118,
353.75,67,64,0.25,1,118,
353.75,83,73,0.25,0,118,a
354.0,64,62,0.75,1,119,
354.0,67,64,0.75,1,119,
354.0,72,67,1.0,1,119,
354.0,84,74,0.25,0,119,a
354.0,86,75,0.0,0,119,
354.25,83,73,0.25,0,119,a
354.5,84,74,0.25,0,119,a
354.75,65,63,0.25,1,119,
354.75,69,65,0.25,1,119,
354.75,81,72,0.25,0,119,a
355.0,62,61,1.0,1,119,
355.0,65,63,1.0,1,119,
355.0,70,66,2.0,1,119,
355.0,82,73,0.25,0,119,a
355.25,82,73,0.25,0,119,a
355.5,82,73,0.25,0,119,a
355.75,82,73,0.25,0,119,a
356.0,64,62,0.75,1,119,
356.0,67,64,0.75,1,119,
356.0,82,73,0.25,0,119,a
356.0,84,74,0.0,0,119,
356.25,81,72,0.25,0,119,a
356.5,82,73,0.25,0,119,a
356.75,62,61,0.25,1,119,
356.75,65,63,0.25,1,119,
356.75,80,71,0.25,0,119,a
357.0,61,60,0.75,1,120,
357.0,64,62,0.75,1,120,
357.0,69,65,1.0,1,120,
357.0,81,72,0.25,0,120,a
357.0,82,73,0.0,0,120,
357.25,80,71,0.25,0,120,a
357.5,81,72,0.25,0,120,a
357.75,62,61,0.25,1,120,
357.75,65,63,0.25,1,120,
357.75,77,70,0.25,0,120,a
358.0,58,59,2.0,1,120,
358.0,62,61,1.0,1,120,
358.0,67,64,1.0,1,120,
358.0,79,71,0.25,0,120,a
358.25,79,71,0.25,0,120,a
358.5,79,71,0.25,0,120,a
358.75,79,71,0.25,0,120,a
359.0,62,61,0.75,1,120,
359.0,79,71,0.25,0,120,a
359.0,81,72,0.0,0,120,
359.25,78,70,0.25,0,120,a
359.5,79,71,0.25,0,120,a
359.75,67,64,0.25,1,120,
359.75,74,68,0.25,0,120,a
360.0,60,60,1.0,1,121,
360.0,67,64,0.75,1,121,
360.0,70,66,1.0,0,121,
360.0,76,69,0.25,0,121,a
360.0,77,70,0.0,0,121,
360.25,75,68,0.25,0,121,a
360.5,76,69,0.25,0,121,a
360.75,64,62,0.25,1,121,
360.75,79,71,0.25,0,121,a
361.0,53,56,0.5,1,121,
361.0,65,63,0.5,1,121,
361.0,69,65,0.5,0,121,
361.0,77,70,0.5,0,121,a
362.0,53,56,0.125,0,121,a
362.125,55,57,0.125,0,121,a
362.25,53,56,0.125,0,121,a
362.375,52,55,0.125,0,121,a
362.5,53,56,0.1,0,121,a
362.6,55,57,0.1,0,121,a
362.7,57,58,0.1,0,121,a
362.8,58,59,0.1,0,121,a
362.9,60,60,0.1,0,121,a
363.0,41,49,1.0,1,122,
363.0,41,49,3.0,1,122,
363.0,61,60,0.25,0,122,a
363.25,62,61,0.25,0,122,a
363.5,62,61,0.25,0,122,a
363.75,62,61,0.25,0,122,a
364.0,46,52,1.0,1,122,
364.0,62,61,0.25,0,122,a
364.25,62,61,0.25,0,122,a
364.5,62,61,0.25,0,122,a
364.75,62,61,0.25,0,122,a
365.0,43,50,1.0,1,122,
365.0,52,55,1.0,1,122,
365.0,62,61,0.25,0,122,a
365.0,64,62,0.0,0,122,
365.25,61,60,0.25,0,122,a
365.5,62,61,0.25,0,122,a
365.75,59,59,0.25,0,122,a
366.0,41,49,1.5,1,123,
366.0,45,51,1.0,1,123,
366.0,60,60,0.25,0,123,a
366.0,62,61,0.0,0,123,
366.25,59,59,0.25,0,123,a
366.5,60,60,0.25,0,123,a
366.75,57,58,0.25,0,123,a
367.0,53,56,0.166666666667,0,123,a
367.16666666699996,55,57,0.166666666667,0,123,a
367.33333333300004,57,58,0.166666666667,0,123,a
367.5,58,59,0.166666666667,0,123,a
367.66666666699996,60,60,0.166666666667,0,123,a
367.83333333300004,62,61,0.166666666667,0,123,a
368.0,64,62,0.166666666667,0,123,a
368.16666666699996,65,63,0.166666666667,0,123,a
368.33333333300004,67,64,0.166666666667,0,123,a
368.5,69,65,0.166666666667,0,123,a
368.66666666699996,70,66,0.166666666667,0,123,a
368.83333333300004,72,67,0.166666666667,0,123,a
369.0,53,56,1.0,1,124,
369.0,53,56,3.0,1,124,
369.0,73,67,0.166666666667,0,124,a
369.16666666699996,74,68,0.166666666667,0,124,a
369.33333333300004,73,67,0.166666666667,0,124,a
369.5,74,68,0.166666666667,0,124,a
369.66666666699996,73,67,0.166666666667,0,124,a
369.83333333300004,74,68,0.166666666667,0,124,a
370.0,58,59,1.0,1,124,
370.0,73,67,0.166666666667,0,124,a
370.16666666699996,74,68,0.166666666667,0,124,a
370.33333333300004,73,67,0.166666666667,0,124,a
370.5,74,68,0.125,0,124,a
370.625,73,67,0.125,0,124,a
370.75,74,68,0.125,0,124,a
370.875,73,67,0.125,0,124,a
371.0,55,57,1.0,1,124,
371.0,64,62,1.0,1,124,
371.0,74,68,0.166666666667,0,124,a
371.16666666699996,76,69,0.166666666667,0,124,a
371.33333333300004,74,68,0.166666666667,0,124,a
371.5,73,67,0.166666666667,0,124,a
371.66666666699996,74,68,0.166666666667,0,124,a
371.83333333300004,71,66,0.166666666667,0,124,a
372.0,53,56,1.5,1,125,
372.0,57,58,1.5,1,125,
372.0,72,67,0.166666666667,0,125,a
372.16666666699996,74,68,0.166666666667,0,125,a
372.33333333300004,72,67,0.166666666667,0,125,a
372.5,71,66,0.166666666667,0,125,a
372.66666666699996,72,67,0.166666666667,0,125,a
372.83333333300004,69,65,0.166666666667,0,125,a
373.0,57,58,0.5,1,125,
373.0,60,60,0.5,1,125,
373.0,65,63,0.166666666667,0,125,a
373.16666666699996,67,64,0.166666666667,0,125,a
373.33333333300004,69,65,0.166666666667,0,125,a
373.5,70,66,0.166666666667,0,125,a
373.66666666699996,72,67,0.166666666667,0,125,a
373.83333333300004,74,68,0.166666666667,0,125,a
374.0,76,69,0.166666666667,0,125,a
374.16666666699996,77,70,0.166666666667,0,125,a
374.33333333300004,79,71,0.166666666667,0,125,a
374.5,81,72,0.166666666667,0,125,a
374.66666666699996,82,73,0.166666666667,0,125,a
374.83333333300004,84,74,0.166666666667,0,125,a
375.0,85,74,0.166666666667,0,126,a
375.16666666699996,86,75,0.166666666667,0,126,a
375.33333333300004,85,74,0.166666666667,0,126,a
375.5,86,75,0.166666666667,0,126,a
375.66666666699996,85,74,0.166666666667,0,126,a
375.83333333300004,86,75,0.166666666667,0,126,a
376.0,65,63,1.75,1,126,
376.0,70,66,1.0,1,126,
376.0,74,68,2.0,1,126,
376.0,85,74,0.166666666667,0,126,a
376.16666666699996,86,75,0.166666666667,0,126,a
376.33333333300004,85,74,0.166666666667,0,126,a
376.5,86,75,0.125,0,126,a
376.625,85,74,0.125,0,126,a
376.75,86,75,0.125,0,126,a
376.875,85,74,0.125,0,126,a
377.0,67,64,0.75,1,126,
377.0,70,66,0.75,1,126,
377.0,86,75,0.166666666667,0,126,a
377.16666666699996,88,76,0.166666666667,0,126,a
377.33333333300004,86,75,0.166666666667,0,126,a
377.5,85,74,0.166666666667,0,126,a
377.66666666699996,86,75,0.166666666667,0,126,a
377.75,65,63,0.25,1,126,
377.75,67,64,0.25,1,126,
377.83333333300004,83,73,0.166666666667,0,126,a
378.0,64,62,0.75,1,127,
378.0,67,64,0.75,1,127,
378.0,72,67,1.0,1,127,
378.0,84,74,0.166666666667,0,127,a
378.16666666699996,86,75,0.166666666667,0,127,a
378.33333333300004,84,74,0.166666666667,0,127,a
378.5,83,73,0.166666666667,0,127,a
378.66666666699996,84,74,0.166666666667,0,127,a
378.75,65,63,0.25,1,127,
378.75,69,65,0.25,1,127,
378.83333333300004,81,72,0.166666666667,0,127,a
379.0,62,61,1.0,1,127,
379.0,65,63,1.0,1,127,
379.0,70,66,2.0,1,127,
379.0,82,73,0.166666666667,0,127,a
379.16666666699996,81,72,0.166666666667,0,127,a
379.33333333300004,82,73,0.166666666667,0,127,a
379.5,81,72,0.166666666667,0,127,a
379.66666666699996,82,73,0.166666666667,0,127,a
379.83333333300004,81,72,0.166666666667,0,127,a
380.0,64,62,0.75,1,127,
380.0,67,64,0.75,1,127,
380.0,82,73,0.166666666667,0,127,a
380.16666666699996,84,74,0.166666666667,0,127,a
380.33333333300004,82,73,0.166666666667,0,127,a
380.5,81,72,0.166666666667,0,127,a
380.66666666699996,82,73,0.166666666667,0,127,a
380.75,62,61,0.25,1,127,
380.75,65,63,0.25,1,127,
380.83333333300004,80,71,0.166666666667,0,127,a
381.0,61,60,0.75,1,128,
381.0,64,62,0.75,1,128,
381.0,69,65,1.0,1,128,
381.0,81,72,0.166666666667,0,128,a
381.16666666699996,82,73,0.166666666667,0,128,a
381.33333333300004,81,72,0.166666666667,0,128,a
381.5,80,71,0.166666666667,0,128,a
381.66666666699996,81,72,0.166666666667,0,128,a
381.75,62,61,0.25,1,128,
381.75,65,63,0.25,1,128,
381.83333333300004,77,70,0.166666666667,0,128,a
382.0,58,59,0.75,1,128,
382.0,62,61,0.75,1,128,
382.0,67,64,0.75,1,128,
382.0,79,71,0.166666666667,0,128,a
382.16666666699996,81,72,0.166666666667,0,128,a
382.33333333300004,79,71,0.166666666667,0,128,a
382.5,78,70,0.166666666667,0,128,a
382.66666666699996,79,71,0.166666666667,0,128,a
382.75,59,59,0.25,1,128,
382.75,62,61,0.25,1,128,
382.83333333300004,74,68,0.166666666667,0,128,a
383.0,61,60,0.75,1,128,
383.0,64,62,0.75,1,128,
383.0,76,69,0.166666666667,0,128,a
383.16666666699996,77,70,0.166666666667,0,128,a
383.33333333300004,76,69,0.166666666667,0,128,a
383.5,74,68,0.166666666667,0,128,a
383.66666666699996,76,69,0.166666666667,0,128,a
383.75,58,59,0.25,1,128,
383.75,67,64,0.25,1,128,
383.83333333300004,79,71,0.166666666667,0,128,a
384.0,57,58,0.75,1,129,
384.0,65,63,0.75,1,129,
384.0,77,70,0.166666666667,0,129,a
384.16666666699996,79,71,0.166666666667,0,129,a
384.33333333300004,77,70,0.166666666667,0,129,a
384.5,76,69,0.166666666667,0,129,a
384.66666666699996,77,70,0.166666666667,0,129,a
384.75,60,60,0.25,1,129,
384.75,64,62,0.25,1,129,
384.83333333300004,76,69,0.166666666667,0,129,a
385.0,58,59,0.75,1,129,
385.0,62,61,0.75,1,129,
385.0,74,68,0.166666666667,0,129,a
385.16666666699996,76,69,0.166666666667,0,129,a
385.33333333300004,74,68,0.166666666667,0,129,a
385.5,73,67,0.166666666667,0,129,a
385.66666666699996,74,68,0.166666666667,0,129,a
385.75,57,58,0.25,1,129,
385.75,65,63,0.25,1,129,
385.83333333300004,77,70,0.166666666667,0,129,a
386.0,55,57,0.75,1,129,
386.0,64,62,0.75,1,129,
386.0,76,69,0.166666666667,0,129,a
386.16666666699996,77,70,0.166666666667,0,129,a
386.33333333300004,76,69,0.166666666667,0,129,a
386.5,74,68,0.166666666667,0,129,a
386.66666666699996,76,69,0.166666666667,0,129,a
386.75,58,59,0.25,1,129,
386.75,62,61,0.25,1,129,
386.83333333300004,74,68,0.166666666667,0,129,a
387.0,57,58,0.75,1,130,
387.0,60,60,0.75,1,130,
387.0,72,67,0.166666666667,0,130,a
387.16666666699996,74,68,0.166666666667,0,130,a
387.33333333300004,72,67,0.166666666667,0,130,a
387.5,71,66,0.166666666667,0,130,a
387.66666666699996,72,67,0.166666666667,0,130,a
387.75,55,57,0.25,1,130,
387.75,64,62,0.25,1,130,
387.83333333300004,76,69,0.166666666667,0,130,a
388.0,54,56,0.75,1,130,
388.0,62,61,0.75,1,130,
388.0,74,68,0.166666666667,0,130,a
388.16666666699996,76,69,0.166666666667,0,130,a
388.33333333300004,74,68,0.166666666667,0,130,a
388.5,72,67,0.166666666667,0,130,a
388.66666666699996,74,68,0.166666666667,0,130,a
388.75,57,58,0.25,1,130,
388.75,60,60,0.25,1,130,
388.83333333300004,72,67,0.166666666667,0,130,a
389.0,55,57,0.75,1,130,
389.0,58,59,0.75,1,130,
389.0,70,66,0.166666666667,0,130,a
389.16666666699996,72,67,0.166666666667,0,130,a
389.33333333300004,70,66,0.166666666667,0,130,a
389.5,69,65,0.166666666667,0,130,a
389.66666666699996,70,66,0.166666666667,0,130,a
389.75,53,56,0.25,1,130,
389.75,62,61,0.25,1,130,
389.83333333300004,74,68,0.166666666667,0,130,a
390.0,52,55,0.75,1,131,
390.0,60,60,0.75,1,131,
390.0,72,67,0.166666666667,0,131,a
390.16666666699996,74,68,0.166666666667,0,131,a
390.33333333300004,72,67,0.166666666667,0,131,a
390.5,70,66,0.166666666667,0,131,a
390.66666666699996,72,67,0.166666666667,0,131,a
390.75,55,57,0.25,1,131,
390.75,58,59,0.25,1,131,
390.83333333300004,70,66,0.166666666667,0,131,a
391.0,53,56,0.75,1,131,
391.0,57,58,0.75,1,131,
391.0,69,65,0.166666666667,0,131,a
391.16666666699996,70,66,0.166666666667,0,131,a
391.33333333300004,72,67,0.166666666667,0,131,a
391.5,70,66,0.166666666667,0,131,a
391.66666666699996,69,65,0.166666666667,0,131,a
391.75,55,57,0.25,1,131,
391.75,58,59,0.25,1,131,
391.83333333300004,67,64,0.166666666667,0,131,a
392.0,57,58,0.75,1,131,
392.0,60,60,0.75,1,131,
392.0,65,63,0.166666666667,0,131,a
392.16666666699996,67,64,0.166666666667,0,131,a
392.33333333300004,69,65,0.166666666667,0,131,a
392.5,67,64,0.166666666667,0,131,a
392.66666666699996,65,63,0.166666666667,0,131,a
392.75,45,51,0.25,1,131,
392.75,48,53,0.25,1,131,
392.83333333300004,64,62,0.166666666667,0,131,a
393.0,46,52,1.0,1,132,
393.0,50,54,1.0,1,132,
393.0,62,61,0.5,0,132,a
393.5,61,60,0.0,0,132,
393.5,62,61,0.0,0,132,
393.5,67,64,0.5,0,132,
394.0,66,63,0.0,0,132,
394.0,67,64,0.0,0,132,
394.0,70,66,0.5,0,132,
394.5,69,65,0.0,0,132,
394.5,70,66,0.0,0,132,
394.5,74,68,0.5,0,132,
395.0,73,67,0.0,0,132,
395.0,74,68,0.0,0,132,
395.0,79,71,0.5,0,132,
395.5,77,70,0.0,0,132,
395.5,79,71,0.0,0,132,
395.5,82,73,0.5,0,132,
396.0,86,75,3.0,0,133,
397.0,58,59,0.5,1,133,
397.0,62,61,0.5,1,133,
397.0,67,64,0.5,1,133,
399.0,64,62,3.0,0,134,
400.0,48,53,0.5,1,134,
400.0,55,57,0.5,1,134,
400.0,58,59,0.5,1,134,
402.0,72,67,4.0,0,135,
407.0,60,60,0.75,0,136,a
407.75,65,63,0.25,0,136,a
408.0,29,42,0.333333333333,1,137,
408.0,29,42,3.0,1,137,
408.0,60,60,2.0,0,137,
408.0,69,65,1.75,0,137,a
408.33333333300004,41,49,0.333333333333,1,137,
408.66666666699996,41,49,0.333333333333,1,137,
409.0,41,49,0.333333333333,1,137,
409.0,69,65,0.75,0,137,
409.33333333300004,41,49,0.333333333333,1,137,
409.66666666699996,41,49,0.333333333333,1,137,
409.75,65,63,0.25,0,137,a
410.0,41,49,0.333333333333,1,137,
410.0,58,59,1.0,0,137,
410.0,67,64,0.75,0,137,a
410.33333333300004,41,49,0.333333333333,1,137,
410.66666666699996,41,49,0.333333333333,1,137,
410.75,64,62,0.25,0,137,a
411.0,29,42,0.333333333333,1,138,
411.0,29,42,3.0,1,138,
411.0,57,58,1.5,0,138,
411.0,65,63,1.0,0,138,a
411.33333333300004,41,49,0.333333333333,1,138,
411.66666666699996,41,49,0.333333333333,1,138,
412.0,41,49,0.333333333333,1,138,
412.0,60,60,0.5,0,138,a
412.33333333300004,41,49,0.333333333333,1,138,
412.66666666699996,41,49,0.333333333333,1,138,
413.0,41,49,0.333333333333,1,138,
413.0,65,63,0.75,0,138,a
413.33333333300004,41,49,0.333333333333,1,138,
413.66666666699996,41,49,0.333333333333,1,138,
413.75,69,65,0.25,0,138,a
414.0,29,42,0.333333333333,1,139,
414.0,29,42,3.0,1,139,
414.0,65,63,1.0,0,139,
414.0,69,65,1.0,0,139,
414.0,72,67,2.75,0,139,a
414.33333333300004,41,49,0.333333333333,1,139,
414.66666666699996,41,49,0.333333333333,1,139,
415.0,41,49,0.333333333333,1,139,
415.0,65,63,0.75,0,139,
415.0,69,65,0.75,0,139,
415.0,72,67,0.75,0,139,
415.33333333300004,41,49,0.333333333333,1,139,
415.66666666699996,41,49,0.333333333333,1,139,
415.75,62,61,0.25,0,139,
415.75,65,63,0.25,0,139,
415.75,74,68,0.25,0,139,a
416.0,41,49,0.333333333333,1,139,
416.0,64,62,0.75,0,139,
416.0,67,64,0.75,0,139,
416.0,70,66,0.75,0,139,a
416.33333333300004,41,49,0.333333333333,1,139,
416.66666666699996,41,49,0.333333333333,1,139,
416.75,60,60,0.25,0,139,
416.75,64,62,0.25,0,139,
416.75,72,67,0.25,0,139,a
417.0,29,42,0.333333333333,1,140,
417.0,29,42,3.0,1,140,
417.0,60,60,1.0,0,140,
417.0,65,63,1.0,0,140,
417.0,69,65,1.0,0,140,a
417.33333333300004,41,49,0.333333333333,1,140,
417.66666666699996,41,49,0.333333333333,1,140,
418.0,41,49,0.333333333333,1,140,
418.0,62,61,0.0,0,140,
418.33333333300004,41,49,0.333333333333,1,140,
418.66666666699996,41,49,0.333333333333,1,140,
419.0,41,49,0.333333333333,1,140,
419.0,60,60,0.25,0,140,a
419.25,59,59,0.25,0,140,a
419.33333333300004,41,49,0.333333333333,1,140,
419.5,60,60,0.25,0,140,a
419.66666666699996,41,49,0.333333333333,1,140,
419.75,65,63,0.25,0,140,a
420.0,29,42,0.333333333333,1,141,
420.0,29,42,3.0,1,141,
420.0,60,60,2.0,0,141,
420.0,69,65,0.25,0,141,a
420.25,68,64,0.25,0,141,a
420.33333333300004,41,49,0.333333333333,1,141,
420.5,69,65,0.25,0,141,a
420.66666666699996,41,49,0.333333333333,1,141,
420.75,68,64,0.25,0,141,a
421.0,41,49,0.333333333333,1,141,
421.0,69,65,0.25,0,141,a
421.25,68,64,0.25,0,141,a
421.33333333300004,41,49,0.333333333333,1,141,
421.5,69,65,0.25,0,141,a
421.66666666699996,41,49,0.333333333333,1,141,
421.75,65,63,0.25,0,141,a
422.0,41,49,0.333333333333,1,141,
422.0,58,59,1.0,0,141,
422.0,67,64,0.25,0,141,a
422.0,69,65,0.0,0,141,
422.25,66,63,0.25,0,141,a
422.33333333300004,41,49,0.333333333333,1,141,
422.5,67,64,0.25,0,141,a
422.66666666699996,41,49,0.333333333333,1,141,
422.75,64,62,0.25,0,141,a
423.0,29,42,0.333333333333,1,142,
423.0,29,42,3.0,1,142,
423.0,57,58,1.5,0,142,
423.0,65,63,0.25,0,142,a
423.0,67,64,0.0,0,142,
423.25,64,62,0.25,0,142,a
423.33333333300004,41,49,0.333333333333,1,142,
423.5,65,63,0.25,0,142,a
423.66666666699996,41,49,0.333333333333,1,142,
423.75,69,65,0.25,0,142,a
424.0,41,49,0.333333333333,1,142,
424.0,60,60,0.5,0,142,a
424.33333333300004,41,49,0.333333333333,1,142,
424.66666666699996,41,49,0.333333333333,1,142,
425.0,41,49,0.333333333333,1,142,
425.0,65,63,0.25,0,142,a
425.0,67,64,0.0,0,142,
425.25,64,62,0.25,0,142,a
425.33333333300004,41,49,0.333333333333,1,142,
425.5,65,63,0.25,0,142,a
425.66666666699996,41,49,0.333333333333,1,142,
425.75,69,65,0.25,0,142,a
426.0,29,42,0.333333333333,1,143,
426.0,29,42,3.0,1,143,
426.0,65,63,0.5,0,143,
426.0,69,65,0.5,0,143,
426.0,72,67,0.25,0,143,a
426.25,74,68,0.25,0,143,a
426.33333333300004,41,49,0.333333333333,1,143,
426.5,64,62,0.5,0,143,
426.5,68,64,0.5,0,143,
426.5,72,67,0.25,0,143,a
426.66666666699996,41,49,0.333333333333,1,143,
426.75,74,68,0.25,0,143,a
427.0,41,49,0.333333333333,1,143,
427.0,65,63,0.5,0,143,
427.0,69,65,0.5,0,143,
427.0,72,67,0.25,0,143,a
427.25,74,68,0.25,0,143,a
427.33333333300004,41,49,0.333333333333,1,143,
427.5,62,61,0.5,0,143,
427.5,65,63,0.5,0,143,
427.5,72,67,0.25,0,143,a
427.66666666699996,41,49,0.333333333333,1,143,
427.75,74,68,0.25,0,143,a
428.0,41,49,0.333333333333,1,143,
428.0,64,62,0.5,0,143,
428.0,67,64,0.5,0,143,
428.0,70,66,0.25,0,143,a
428.25,72,67,0.25,0,143,a
428.33333333300004,41,49,0.333333333333,1,143,
428.5,60,60,0.5,0,143,
428.5,64,62,0.5,0,143,
428.5,70,66,0.25,0,143,a
428.66666666699996,41,49,0.333333333333,1,143,
428.75,72,67,0.25,0,143,a
429.0,29,42,0.333333333333,1,144,
429.0,29,42,1.0,1,144,
429.0,60,60,1.0,0,144,
429.0,65,63,1.0,0,144,
429.0,69,65,1.0,0,144,a
429.33333333300004,41,49,0.333333333333,1,144,
429.66666666699996,41,49,0.333333333333,1,144,
430.0,33,44,0.333333333333,1,144,
430.0,33,44,1.0,1,144,
430.33333333300004,41,49,0.333333333333,1,144,
430.66666666699996,41,49,0.333333333333,1,144,
431.0,36,46,0.333333333333,1,144,
431.0,36,46,1.0,1,144,
431.0,60,60,0.75,0,144,a
431.33333333300004,41,49,0.333333333333,1,144,
431.66666666699996,41,49,0.333333333333,1,144,
431.75,65,63,0.25,0,144,a
432.0,29,42,0.333333333333,1,145,
432.0,29,42,1.0,1,145,
432.0,69,65,2.0,0,145,a
432.33333333300004,41,49,0.333333333333,1,145,
432.66666666699996,41,49,0.333333333333,1,145,
433.0,33,44,0.333333333333,1,145,
433.0,33,44,1.0,1,145,
433.33333333300004,41,49,0.333333333333,1,145,
433.66666666699996,41,49,0.333333333333,1,145,
434.0,36,46,0.333333333333,1,145,
434.0,36,46,1.0,1,145,
434.0,60,60,0.75,0,145,
434.0,65,63,0.75,0,145,a
434.33333333300004,41,49,0.333333333333,1,145,
434.66666666699996,41,49,0.333333333333,1,145,
434.75,65,63,0.25,0,145,
434.75,69,65,0.25,0,145,a
435.0,29,42,0.333333333333,1,146,
435.0,29,42,1.0,1,146,
435.0,69,65,2.0,0,146,
435.0,72,67,2.0,0,146,a
435.33333333300004,41,49,0.333333333333,1,146,
435.66666666699996,41,49,0.333333333333,1,146,
436.0,33,44,1.0,1,146,
436.0,38,47,0.333333333333,1,146,
436.33333333300004,41,49,0.333333333333,1,146,
436.66666666699996,41,49,0.333333333333,1,146,
437.0,36,46,0.333333333333,1,146,
437.0,36,46,1.0,1,146,
437.0,60,60,0.75,0,146,
437.0,65,63,0.75,0,146,
437.0,69,65,0.75,0,146,a
437.33333333300004,41,49,0.333333333333,1,146,
437.66666666699996,41,49,0.333333333333,1,146,
437.75,65,63,0.25,0,146,
437.75,69,65,0.25,0,146,
437.75,72,67,0.25,0,146,a
438.0,41,49,0.333333333333,1,147,
438.0,65,63,1.5,0,147,
438.0,69,65,1.5,0,147,
438.0,77,70,1.5,0,147,a
438.33333333300004,60,60,0.333333333333,1,147,
438.66666666699996,57,58,0.333333333333,1,147,
439.0,53,56,0.333333333333,1,147,
439.33333333300004,48,53,0.333333333333,1,147,
439.5,72,67,0.5,0,147,
439.5,77,70,0.5,0,147,
439.5,81,72,0.5,0,147,a
439.66666666699996,45,51,0.333333333333,1,147,
440.0,41,49,0.333333333333,1,147,
440.0,77,70,0.5,0,147,
440.0,81,72,0.5,0,147,
440.0,84,74,0.5,0,147,a
440.33333333300004,53,56,0.333333333333,1,147,
440.5,81,72,0.5,0,147,
440.5,84,74,0.5,0,147,
440.5,89,77,0.5,0,147,a
440.66666666699996,53,56,0.333333333333,1,147,
441.0,41,49,0.333333333333,1,148,
441.0,79,71,0.333333333333,0,148,
441.0,82,73,0.333333333333,0,148,
441.0,85,75,0.333333333333,0,148,
441.0,88,76,0.333333333333,0,148,a
441.33333333300004,53,56,0.333333333333,1,148,
441.33333333300004,55,57,0.333333333333,1,148,
441.33333333300004,58,59,0.333333333333,1,148,
441.33333333300004,61,61,0.333333333333,1,148,
441.33333333300004,64,62,0.333333333333,1,148,
441.33333333300004,79,71,0.333333333333,0,148,
441.33333333300004,82,73,0.333333333333,0,148,
441.33333333300004,85,75,0.333333333333,0,148,
441.33333333300004,88,76,0.333333333333,0,148,
441.66666666699996,53,56,0.333333333333,1,148,
441.66666666699996,55,57,0.333333333333,1,148,
441.66666666699996,58,59,0.333333333333,1,148,
441.66666666699996,61,61,0.333333333333,1,148,
441.66666666699996,64,62,0.333333333333,1,148,
441.66666666699996,79,71,0.333333333333,0,148,
441.66666666699996,82,73,0.333333333333,0,148,
441.66666666699996,85,75,0.333333333333,0,148,
441.66666666699996,88,76,0.333333333333,0,148,
442.0,53,56,0.333333333333,1,148,
442.0,55,57,0.333333333333,1,148,
442.0,58,59,0.333333333333,1,148,
442.0,61,61,0.333333333333,1,148,
442.0,64,62,0.333333333333,1,148,
442.0,79,71,0.333333333333,0,148,
442.0,82,73,0.333333333333,0,148,
442.0,85,75,0.333333333333,0,148,
442.0,88,76,0.333333333333,0,148,
442.33333333300004,53,56,0.333333333333,1,148,
442.33333333300004,55,57,0.333333333333,1,148,
442.33333333300004,58,59,0.333333333333,1,148,
442.33333333300004,61,61,0.333333333333,1,148,
442.33333333300004,64,62,0.333333333333,1,148,
442.33333333300004,79,71,0.333333333333,0,148,
442.33333333300004,82,73,0.333333333333,0,148,
442.33333333300004,85,75,0.333333333333,0,148,
442.33333333300004,88,76,0.333333333333,0,148,
442.66666666699996,53,56,0.333333333333,1,148,
442.66666666699996,55,57,0.333333333333,1,148,
442.66666666699996,58,59,0.333333333333,1,148,
442.66666666699996,61,61,0.333333333333,1,148,
442.66666666699996,64,62,0.333333333333,1,148,
442.66666666699996,79,71,0.333333333333,0,148,
442.66666666699996,82,73,0.333333333333,0,148,
442.66666666699996,85,75,0.333333333333,0,148,
442.66666666699996,88,76,0.333333333333,0,148,
443.0,53,56,0.333333333333,1,148,
443.0,55,57,0.333333333333,1,148,
443.0,58,59,0.333333333333,1,148,
443.0,61,61,0.333333333333,1,148,
443.0,64,62,0.333333333333,1,148,
443.0,79,71,0.333333333333,0,148,
443.0,82,73,0.333333333333,0,148,
443.0,85,75,0.333333333333,0,148,
443.0,88,76,0.333333333333,0,148,
443.33333333300004,53,56,0.333333333333,1,148,
443.33333333300004,55,57,0.333333333333,1,148,
443.33333333300004,58,59,0.333333333333,1,148,
443.33333333300004,61,61,0.333333333333,1,148,
443.33333333300004,64,62,0.333333333333,1,148,
443.33333333300004,79,71,0.333333333333,0,148,
443.33333333300004,82,73,0.333333333333,0,148,
443.33333333300004,85,75,0.333333333333,0,148,
443.33333333300004,88,76,0.333333333333,0,148,
443.66666666699996,53,56,0.333333333333,1,148,
443.66666666699996,55,57,0.333333333333,1,148,
443.66666666699996,58,59,0.333333333333,1,148,
443.66666666699996,61,61,0.333333333333,1,148,
443.66666666699996,64,62,0.333333333333,1,148,
443.66666666699996,79,71,0.333333333333,0,148,
443.66666666699996,82,73,0.333333333333,0,148,
443.66666666699996,85,75,0.333333333333,0,148,
443.66666666699996,88,76,0.333333333333,0,148,
444.0,53,56,0.5,1,149,
444.0,55,57,0.5,1,149,
444.0,58,59,0.5,1,149,
444.0,61,61,0.5,1,149,
444.0,64,62,0.5,1,149,
444.0,79,71,0.5,0,149,
444.0,82,73,0.5,0,149,
444.0,85,75,0.5,0,149,
444.0,88,76,0.5,0,149,
444.5,53,56,0.5,1,149,
444.5,55,57,0.5,1,149,
444.5,58,59,0.5,1,149,
444.5,61,61,0.5,1,149,
444.5,64,62,0.5,1,149,
444.5,79,71,0.5,0,149,
444.5,82,73,0.5,0,149,
444.5,85,75,0.5,0,149,
444.5,88,76,0.5,0,149,
445.0,53,56,0.5,1,149,
445.0,55,57,0.5,1,149,
445.0,58,59,0.5,1,149,
445.0,61,61,0.5,1,149,
445.0,64,62,0.5,1,149,
445.0,79,71,0.5,0,149,
445.0,82,73,0.5,0,149,
445.0,85,75,0.5,0,149,
445.0,88,76,0.5,0,149,
445.5,53,56,0.5,1,149,
445.5,55,57,0.5,1,149,
445.5,58,59,0.5,1,149,
445.5,61,61,0.5,1,149,
445.5,64,62,0.5,1,149,
445.5,79,71,0.5,0,149,
445.5,82,73,0.5,0,149,
445.5,85,75,0.5,0,149,
445.5,88,76,0.5,0,149,
446.0,53,56,0.5,1,149,
446.0,55,57,0.5,1,149,
446.0,58,59,0.5,1,149,
446.0,61,61,0.5,1,149,
446.0,64,62,0.5,1,149,
446.0,79,71,0.5,0,149,
446.0,82,73,0.5,0,149,
446.0,85,75,0.5,0,149,
446.0,88,76,0.5,0,149,
446.5,53,56,0.5,1,149,
446.5,55,57,0.5,1,149,
446.5,58,59,0.5,1,149,
446.5,61,61,0.5,1,149,
446.5,64,62,0.5,1,149,
446.5,79,71,0.5,0,149,
446.5,82,73,0.5,0,149,
446.5,85,75,0.5,0,149,
446.5,88,76,0.5,0,149,
447.0,53,56,0.5,1,150,
447.0,55,57,0.5,1,150,
447.0,58,59,0.5,1,150,
447.0,60,60,0.5,1,150,
447.0,64,62,0.5,1,150,
447.0,79,71,0.5,0,150,
447.0,82,73,0.5,0,150,
447.0,84,74,0.5,0,150,
447.0,88,76,0.5,0,150,
447.5,53,56,0.5,1,150,
447.5,55,57,0.5,1,150,
447.5,58,59,0.5,1,150,
447.5,60,60,0.5,1,150,
447.5,64,62,0.5,1,150,
447.5,79,71,0.5,0,150,
447.5,82,73,0.5,0,150,
447.5,84,74,0.5,0,150,
447.5,88,76,0.5,0,150,
448.0,53,56,0.5,1,150,
448.0,55,57,0.5,1,150,
448.0,58,59,0.5,1,150,
448.0,60,60,0.5,1,150,
448.0,64,62,0.5,1,150,
448.0,79,71,0.5,0,150,
448.0,82,73,0.5,0,150,
448.0,84,74,0.5,0,150,
448.0,88,76,0.5,0,150,
448.5,53,56,0.5,1,150,
448.5,55,57,0.5,1,150,
448.5,58,59,0.5,1,150,
448.5,60,60,0.5,1,150,
448.5,64,62,0.5,1,150,
448.5,79,71,0.5,0,150,
448.5,82,73,0.5,0,150,
448.5,84,74,0.5,0,150,
448.5,88,76,0.5,0,150,
449.0,53,56,0.5,1,150,
449.0,55,57,0.5,1,150,
449.0,58,59,0.5,1,150,
449.0,60,60,0.5,1,150,
449.0,64,62,0.5,1,150,
449.0,79,71,0.5,0,150,
449.0,82,73,0.5,0,150,
449.0,84,74,0.5,0,150,
449.0,88,76,0.5,0,150,
449.5,53,56,0.5,1,150,
449.5,55,57,0.5,1,150,
449.5,58,59,0.5,1,150,
449.5,60,60,0.5,1,150,
449.5,64,62,0.5,1,150,
449.5,79,71,0.5,0,150,
449.5,82,73,0.5,0,150,
449.5,84,74,0.5,0,150,
449.5,88,76,0.5,0,150,
450.0,53,56,1.0,1,151,
450.0,57,58,1.0,1,151,
450.0,60,60,1.0,1,151,
450.0,65,63,1.0,1,151,
450.0,77,70,1.0,0,151,
450.0,81,72,1.0,0,151,
450.0,84,74,1.0,0,151,
450.0,89,77,1.0,0,151,
452.0,48,53,1.0,1,151,
452.0,55,57,1.0,1,151,
452.0,60,60,2.0,0,151,
452.0,64,62,1.0,0,151,
452.0,67,64,1.0,0,151,
452.0,72,67,1.0,0,151,
453.0,53,56,1.0,1,152,
453.0,57,58,1.0,1,152,
455.0,36,46,1.0,1,152,
455.0,48,53,1.0,1,152,
455.0,52,55,1.0,1,152,
455.0,55,57,1.0,1,152,
455.0,60,60,1.0,1,152,
456.0,36,46,3.0,1,153,
456.0,48,53,3.0,1,153,
456.0,52,55,3.0,1,153,
456.0,55,57,3.0,1,153,
456.0,60,60,3.0,1,153,
459.0,29,42,1.0,1,154,
459.0,41,49,1.0,1,154,
459.0,48,53,1.0,1,154,
459.0,53,56,1.0,1,154,
459.0,57,58,1.0,1,154,
